sequence_id,sequence,expr_root,expr_stem,expr_leaf,expr_fruit,preferred_tissue
training_promoter_01,CCATATGATCATTCCATCCATTTAATTCTTTATGGTAAAAATTTCCACAACTTATATAGTGGAATTCTAAATGTGCAAGGTGCCAAAAGTTGTCACACCCCTATATAAACTACCCAATAATATGTAACTATATATCAAAAATAAACAAAAATATGTACACAAACA,1.1964,4.0885,4.0121,9.1403,fruit
training_promoter_02,TTTGTCAATAAAGATACAAATTTTATAAACAAAAACACTAGGTAATTTTTTCTCATATGTTTAAGCTTGATGAATCAAATTACTTATGCCGATGAGAGATAACATGTTCTTGTAAAATAGGAATTATGAAGTTTTAAATTTAAATTTTTACAGAAATTAAAATTA,2.3909,6.1212,1.6303,8.87,fruit
training_promoter_03,AAATTAAGTATTTCTACGAAACAAAATGACTCTACATTCTATGAATTATTCCTTTTAAAGGACTCTTAAAAAGTATTAAATTGATAAAATATAAATAGTTTAAAGGGTGTTTGCGATATTTACTCAAACATTTTATTAAAAAGAATCAATTAGTGTGGTAAACAT,3.4418,4.8824,1.6606,6.24,fruit
training_promoter_04,GAGGAGTCGAATCCATAGGTTGAGGGCTTCCTCATCGGAGACGATGATTGAGGAATGTTAGTATAGCTTGATTGAAATTGGTTCATGTTTTGTCGCATCTGTAGCCCGGTTGGAGATTGCATCTGGGAGCCGTTACTTGACACCTTAGGTGAGAGACCTTGCAAA,1.96,1.7067,1.1667,1.8667,root
training_promoter_05,AATTTCAAAAAAAAATAGATATCGAACTGAAAAATTAAATTAATTTAATTCAGTTCGATTATTCGATATTTATGTCCACGTGAGTGCCGCTAATTATCTACATTAATAAGATTCATACTCACAAATGTAATAATTGCTATAAAAAGAAAATTTTAACAATTATTG,1.4418,4.8824,1.6606,6.2524,fruit
training_promoter_06,CCAAAATTTAATGGGCCAAAGCCCATGAAGATTGATATCTGAAGCCCAAATCCCTTTGTTCCAAAATCTGGTAATCCTAGACTTCTCACAGTGGTGCCGTCTTCCGCCGTCTGCCACCGTATACCGCCGCCTACCTCACCGTCTTCATTTTCCAAACGCCATCCA,2.0618,2.2291,3.4273,7.4818,fruit
training_promoter_07,CGAAAACATTTTTGAAAACACTGATTCTTACTAATATACTTACCAAATCATTACTAAATTAAGATAAAATTAATCAAAATTATTCTTATTTTACCTCTACAATTAATTCTCGTTGGAAGCTTAAACAAATTTAAAAATTCCAGTCTTTTGTTTTTTTTTAAAGAA,2.3909,3.7212,1.6303,7.57,fruit
training_promoter_08,TCCAAAAATTTTAAAAAATTGACAGATTAGATACATCCAACTAATTTTCACTATAAAAATGAACCTTCACGCCCATTTTCTTCTTGCCTCTGTCACTAATCTTCTGCAGCTTCCCCTCTCTTCCACCCGCCGTCGTCACCGCCGCCGTGGTTGTCGTCATCGGAA,2.3327,3.6036,2.1909,8.11,fruit
training_promoter_09,TATTAGCTTCATTTCATTGTTGACTTTTTCATAGTGTTTCTATTATTCATTCTTGTTGGTGATCTTAAAGTAATGAGTTAGTCAAAATAGGTATAGAAAATTGGATATATTTGGGTTGTGCTAAATGTATCAAGAGAGGTGGATGGTGAATGCAACAAACTGGAT,3.7982,2.2109,2.5727,4.6182,fruit
training_promoter_10,TGTGAGGTGCACCATGGGATAACACATGGCAGATATCACGAGGTGTAACGAAAGATTTGGTAATAAAAATAATTATATGATACTATCTGACTTAACATAAAATTTAATTCAAATAAAAAAAATTTTAAAATTTATAATTTAAAATGAATTTTTAATACTAAGTAA,1.9673,5.463,0.5758,5.3188,stem
training_promoter_11,TTATTATTTATTAAATAACATAAGCAATACAATAGAATAAAAAGTGTAAATAGAAATAATTTATCAAATGTTTATGTGCTCAATGGAAATATAGCAAATGAAATGTGGAAATTAAAATTTATGAGGATATTTATGTATTAAGGCAAAATAGAATAAATATCCATA,1.8145,11.5794,1.5848,5.0336,stem
training_promoter_12,CTCTCGACCGATACATCTATCGATCGACACACAACTTGCTCTAACATCTCAAGCGGCCGTTTCTCATTTTATCCTCAACATGTGTACTACTACTTGAACCTTCTTGTAAATGCGATCATTGAAATCTTATATCACCGCATATCCATCTTACCATCCACGTCTCTC,1.7564,4.2618,1.0455,3.3364,stem
training_promoter_13,GCCCTTCCCTCCACCTCTCATTCCCTCCTTCTCCCTTCACCCCACACCACCAAAACACCCAAGATTTCCACCATTCTGATAAGAATCCTCAAAACAAAACCCAATCTTTATCCCTCCCACTTCACTCTTTGGAGCAGCCACATTCCTGAGCTAAAAGAAAAAACA,1.96,3.5067,4.4667,8.4791,fruit
training_promoter_14,GATTTGCTGATCTGAGCTCGTTTTCGGTGAAGCTGGATTATAGGTTTAAGTGACTACCTTTCTGAATTACTCTCATTGATGGTGCACGGAAGCTAGGGTGTACACTTCTACTGAAAAAGTGGTACAGAGCTTTATTGCAATAGTTTAAAGTTGGGGCCTCAAAAA,2.2055,3.7006,2.1152,4.3036,fruit
training_promoter_15,AAGGTCATACAGATAATATTAGGGCGCTACTTCTTGATTCTACTGGCAGGTATGCTGGGAAAAATGATGCCTTAAAGATATTTTTGGCTCGGATTGCAATTGTTATTCAGCTAGAAGCATTTGGCTTCAACTATGATGCATAGTTGATATATACTCCGATAAGAA,2.0527,2.617,0.9242,3.5185,fruit
training_promoter_16,CCTAAATTTGATGAAAATTTAAAGATAAATTTCACTCATGTTGCAAGAACCGGAATATTTAAGTCAGCTAATCAAATAAATGAATGTGTCGAGGCTATTAATACTATGAGAATGAAATTAATAATTCATGCCAAATTTAAAAGTATTTTCAATTCCACTCTGATT,4.12,2.9467,1.3667,3.8667,root
training_promoter_17,TTGAGTTGTGATGAAATAATTGAGGCATTTTTTGTCAGTTTTTAAGTTTGAGTTTAAAAATAAAAAGAATATTTTTTTTATCTAAATAGATGTTGCAACACGTTATATTAATTTAATTAGATTTTTAATATGAATATTAAATATCGAATAAAAAAAAACTAGCTT,1.7891,6.1988,0.4697,6.7797,fruit
training_promoter_18,TCTTTTTTTCCATTAAAAAGTATTTTTTAAAGAAACCGAAAGTTTTAATTTTTTTCCGAGAAGCAGAAAAATTGCTTCTGTATCTATTTAAAAGTAGTTTTACATGTTTGCCAACCACTTAATTTTTTTTTCAAATAAGTGTTTCCAACATCAATGACAAACATA,4.5436,4.2048,1.3212,6.5551,fruit
training_promoter_19,TAAGGATTGTACTAGAATTTAATTAGAAATTTTGAGTTGGACCCTGAGTATTGAATTGAAATGGATTCACCTACTCCACTAAACCATTATCTATATAATCACTCTTTAGAAGATAGTTTAAGCATCCCAAATCCAATCATCATCATTTAATTATCAAAATACAAA,1.1964,2.8885,1.8121,6.003,fruit
training_promoter_20,AGAATTTGATATGATCACTGTGTCACCCACCATTCGCCAATAACAAAAGCGTAACTTATTTGACACCTTTCCCTTAATTTTCTGATGAAGCTAAGCTAGGGCAACAGCGTTTAGAGGAAGAAGAGAAGAGCAAAGAGAAGGAGAATAAGGCAAACAAGGGAAGAA,1.68,2.52,2.1,5.6,fruit
training_promoter_21,TCAGTCACAGTCAGTGTCCCGAGGTTGGGGGTAGGTGGCAGCCACCGGGTGAACATTTTGAGATTTATTGGTATCTTCTTGTTTAAATATCTTGTCCCCATATCTTTAAAGTTTCTGCTTTTTTTTTGTGTTTCAGAATCTTAATCTTGTGTTTTCATTCAAAGA,2.6036,4.3782,0.9545,3.4636,stem
training_promoter_22,ACTCGTATTTATTTATTTAAAATAATAATATATTCTTTAATAATTAAGTTATTTATTTTTCATTGTATAAAAGTTCCTCAGTGCAGTAAAACTGAGCCCATTTAATGGACACGTGTATACATGCAATCATCTTCTTATACTTCACTTGTAATTACTCTGTGACAA,1.5691,6.5855,0.6364,3.9091,stem
training_promoter_23,ATTTTGAATGTGTGAGCTATCAAACAAGTATGTAAGGTTAGCTTTTTTTCATAAATGTAGAGAAAAAAAAAATAATTGTCGGGTCGGATCGGATCGGACCGGATCCATATCAAAAGAAGGCCATATTTCTAAAAGCCCAGGCCCATTTACTCCGTTATATATCGA,1.5273,2.6364,2.0091,5.7521,fruit
training_promoter_24,TCCAACGGTTGATATTTGATACAGGGCTTCACTGAATCCGTCATCCTCCCTCATAAATCTTCTTTTTGCAATCAGATTCACCTATACTTACAACCATATCTATCTCTATATATTTTTTTCCTTTTTATAAATTATTATTTATATATTTATATTTATTTATTTATA,1.0945,11.9661,0.6515,3.8879,stem
training_promoter_25,TGTATTATCTATTATTTAAACTTGTATTATATGTAAATAATAATTATTTTTTTGTAATATAGATTAAACTTGTATTATAAATAAATTAAAAGTGATTAAGTGAAAAAAATATTATTACTATAAATGATAAATTTATTTTTATTATAATATATTTACGTAAGTTTG,3.9836,7.6315,0.9879,5.7094,stem
training_promoter_26,AATGAAATAATTAAAAAAAAGAGTGAAGGTTAGCAACTGCAATTTGATAACTTATATACTTGATCCCCAAGTAAAACCCACCATTGATTGACTGAGAGTGACCTTTTTTTTTTCCTTTCTATAACTATAACGTCTTCCTTGATTAATCTTCTGTGTTTTGTACAA,1.7727,2.2303,0.7576,2.4518,fruit
training_promoter_27,TTGCCTTGTCAACTTAGGATACTGTTAACATTCCTCCTATCTCTCTTAGCAAATCTTAATAGTTTTCCATTTGAAGTATAAACAGCCCCACAAAAATTTCTTTCATAAATTATGCATTTGTCAATTTAAGTTCACAAGGTTGTGTTCCATTCACAAATATTAACA,1.2982,2.2109,1.8727,4.6306,fruit
training_promoter_28,TTTCTTTATGTTAAAGAATGATAAAAGTCCCACATCGGTGATTAATGAGATGGGTAGACTCCTTATAAGGCTTGGGCAATCCTCCGGTAGCTTTCTTCTTTTGCACTCCATTCTCACCTTCCTTTGTGTGTATCAACTGTCATAGCTTTTTTCCACTTCCAACAA,2.1545,3.7394,0.9848,2.1212,stem
training_promoter_29,GAAAAGAAACTTGACCCGATTGCCCCTGGCCCTACAAAATTGAGTGGGCATATCCAAAATCGGAAAGGGAGAACTGCTAACCCTAACTTCAGAAATTGAAAAGGTGATTGATTGATCAAAGGCGAAGAATCGCCAAAAACAATCGAATCACCAAAGGTTAGAAAA,1.7309,1.8812,4.3303,8.67,fruit
training_promoter_30,TACCATAACATTAGTAGTTATAAGAATCTTTTATAGTCGGCACAAGTCTTGAACTTTTATTTTTATATATATATAAATAAAGATTATTTTTTCTCAAATAATATTCTTATCGATTATAAATAGATACATAAGTGTTCGTAACCATTCAAATATATAGATAATCAA,0.8655,9.1406,0.5152,5.3788,stem
training_promoter_31,TAGACATTATAAATAGTAGTTCTCCAAATTTAGAAAATTACTATTCAATTCTCTAAATTTGAATAATAGAGAGTAATTTGGAGGTAGATTGAAGTTTCCATTCTGTATTTTAGTTTAATAATATAGAAAATTGAGTGTTAAATAGAGATGGTCTGAAGTTGTCTG,3.5691,2.9855,1.3364,3.9091,fruit
training_promoter_32,TTATTGCTTAATGAATTTTAAATAGTATACAGTTCTGAGTTTGGAGTTGTGGATCAAAAGTTGAATTTCTTGGTTCAGAGTTTAATCTAACACTAACATCTATCCTCTATATTTTGGGTTAATGATGTCATTCACTTATTTTACTGCTTGTAATTGCCCATCAGA,1.7727,4.0303,1.8576,8.5394,fruit
training_promoter_33,TATTATTATATTTATTATTTACGTAATTTTTAAATATTATTCTATTTGTCTCTGCTTATATGACACATTTTAAAATTCAAATAAATTTAATTTTATATATATCTATTAAATATTTTAAATTATACATAATTTATAAATATATAAATTTATTTTTAAAAAAAATTC,6.8818,13.1091,1.6273,9.6942,stem
training_promoter_34,ATTTAAATTCGAGATATCTAATTAGAATTTATTTTAAAATTAGTTTAATATAAATACTATTTGGAAGTTACAAAATAATGAAAAAATGATACTTTCCACCCAAAATCTTTTACAAAGGTTTATCCTCAAACAACATAAACCCCCAAACCGCAAGATTTTCTTCCA,4.0436,7.2048,3.5212,9.6427,fruit
training_promoter_35,CAAAGTAATCTAATTACATTAAATTTCATTTGACTATTAATGCAAAAAAATATTTAATGAATTCGTAAAAAAGAAAAAATTAAAGAAAAAAAACACGGTGGCGTATGGACCTGTAATTAGTTTTTTGTTTTTTTGCTTTGAAATTTGACTGAGTTAGAAGAATTG,3.9927,2.4436,2.3909,4.9224,fruit
training_promoter_36,TATCAATATAATAAAAAATACATCTTAAAACAATCATATATGTTCATATGATATTACACTAAAAATAAAATTGAGAGAGTAATTAATATATATATAAATTAAAAATAAACCACATGAGTCATGAAAACAATTTAATAAATCCAAATCACAACAATTAAATAAATT,2.1873,2.6764,0.4091,2.9645,fruit
training_promoter_37,AACAAACCAAAAGGGTCCCACACCACGTGTCAAGAAAAGAAGGGAAATTAGGCACCTTGTGAGTTAGCGTAAACTGACCAATGACTCCACCAACCACTAACCCTCATTTTCAACAATAAAAGAAGTACAAAATTATAAATATCCTAACTATTGAAGATAGTACCA,3.5782,2.5976,3.8394,7.8848,fruit
training_promoter_38,GAAACTTTCGATTTCGATGAAGATGTTATTGAGGAATTGAAATATCTAAAACAAGTTGTTAAAGAAACCTTAAGACTTCATCCGTCGGTCCCTCTCTTAGTCCCAGAGAATGCAGAGAAGAAACAAACATCAACGGTTACACTATCCCATTAAAAACAAGAGTCA,2.5273,2.0364,0.9091,2.2397,root
training_promoter_39,ATATTTCAAGTAGAATTCTCCATAATATTGGATGAATGAATGTCTTCATTTTTTTTTAATTGCTTTTTTTCGGCCACTATATAAAATGGACATATATAAATTTTCTCTCTTCTTCCTCATTGACTATATGTCTTATTATTTCATAAACTTTATCCCTACCCTTTA,1.0945,5.3661,0.6515,5.1879,stem
training_promoter_40,CTGTTGGTACATGATATACATAGAAAATCATTCAATGTCATATTCTTCTTATTTAATATCATGATTTGCTTCCAACTAATTAATTTAAACGAATTGCTTTTTTATCTATCATAGCTTAATATCTAAGTGTGTATATATATCATACCTCTCATGTATCATAACCCA,1.5945,4.1661,0.6515,2.5879,stem
