orig_sequence,generated_sequence
AAATTGTAACAAATAATACAAAATATTTGTGAATACTAATGATTTCCAAATGGGATACCTTTTTGTTGTAAATAAGTGGAAAGGCAAAGTAGATAAATTCGCCTTTCCTAAGTATCCTTTTGGTCACAATTTCCAAGAGAAAAGAACAGAAAAGAAAAGAGAGAA,TTGGATGGTTAACTAATTCAACTTATTTGGTAATTTAAGTCAAATTAATCACTCAAGAGTGGTTATTTAATGGGGTTTCAAACCCCCTCCAAAAAATTTTGATTGTGCAAGCCTCATCATCAAACATTAATTCATTTCAACCTCGGATTCAAGGAAAGATTTAAG
TATTTAATTTAGATTGATAAAATTATTTATGCTCTAAATATTGGTGTTAAACTTAAATTCGGTCAAAAATTACATGTCTACAAATGCTATACATTGAAATTCAAATTCTAATACAATAACTTGAAAATATTACTATATAAAATGCTATATACCTAATTTATACTT,AATATGAATTAATTCATCAGTAAAAACATCAATAAGTTTTGAATTTGAAGGATTAAAGGGTGAGGAGTTGTTTAGTTTCTTCAAAACCTGAGGATGAAAATTAAATTAGTTCAATTAAAAATTTAAGGGGTAGGTGGGAAAGTAGTAAATGAAAGTCTAATGTTG
AATCCATAGGCACCACTTAATTAGCTAAAGTTGGGGAACAAATTGACATTATATTAGTTTGAGGAGGGTAATCGATTTAAAAGCAAGGATCAGCAATTCCGTATTAAGAACATACTAATGCTTTCTACAAATCAGCATATTACAGAGAAACCAATAATAGAGATA,ATTAATCACTTAAATAATTTAGTTGGGGGGGTGAAGAAAAATTTTGGTTTATTAAATTTTTAATGTTTATTTAATTGATGAAAGAAGGTGGGGTAATTGAGATTTTAAGGAGTGGGTTGGTGATGGAAGAAACCTCTGCGCTTTATGAATAAAAGGGGTTTGGGG
ATTTTTTTTTCCTTTCCCCGATTTTCGTACACATTTCGAACGTCAAAATTTGTACTTTGCCGTCCTCATATCTCCCAGCAACATAAACACATTTTTAGTTTTATTAGAAAACCTCTCTCCTCTCTTCTCCTCTTTTCCATCTTTACGGCTTCGCTTTCTTCTGAT,CCTTTTTTTAAAAATTCAGTTTTTTTTGTGGGCGTTCTCTTGTTCAACTTGTTTAGTTGATTGAATTAATTCAGCCTTCACCAGAGCCCACTTTTAATTAAAAGAGGAAAAATGGATGATGTTTTTTTACACCCCCTAATTTTGTGAATGATTGGGGGTTGGTGA
ATTACAATTTATAGTACTTTTTCTATAGTTTTTGAATATTAAATTTTTTTTATTTAAGATATCAAATTAATTTAATCTAATTTAATTTTAAAAATTAATAAAATTGACTTTAAAAAAATGCAATCAAACCAAAAGAGTAATTAGAAATACCAAGTAAAATAACTC,GGATAAAAGGGAATTTAATATTGAGTTATGATTTAATAATTAATTTTATTTTTAAAGATGGGAAAGAAAAATTAAATGATTATTTTTTTAAATTAAAGTAAAAAATTAATTGGAAAAAACCAACCCAAGCAAACTTTCCACCAAACCTTTAATGAGAGTTGAATG
AGAATATTTACTCTTCATTTTCTTGGTCCTCAAACTAGAAATTGAAGTAAAAATTTTTATTAATCGAGAAAAAGATACTAGATCTTTCAAATCTCATAGTTATAATACAGATTGCTTTATTAATTTATATTTACTTGAATTAAGTTTTGGTATTTTGTTTTATTA,AAAAATTTTTATTATTTTTGTAAGAGTTGAGGGAATTAATTAAGAAATTGAGGTTTCATCCAAAACCAAAAAAAACTCTTTTTCCTTCAAGAAAATTAAATGAAAATGAATTTTGGTTAGGGGTTGTTAATTGAGTTGAATTGGTGAGGATGTGTTGGTGGAATA
TAATTAAGAACAGAAGAACTAAGAGAAAATATTTTCAAAAATGCCATTGCTGAGTCGATGAATACGTGTCTGCTTCGTTGTTATATAGTAAGAGGATATATTTTTATTGGACTTGCATTTATAATGCTAATATAATTATAGATAGTAGTGTAGTAGAAAGTAGCA,TTATTGTATGTGATTAAGTTAAGTTGAATAAGTTTAAAATTAGTTGTTTAATGTTATGGGGTGGTGGTTTGAAGGTGTGTTAATGGGGTAAAAGGGTTTAATTTTGGGGGGGATGGTGGGGGAGATTTTGGGTAAAATGGTTTTTAACCACCTCTAAACTTAATT
CTTCACTTTGACATTCAGAGCACTGTGCAGAAATCACATTGCGTAAACATCCGTTGGGACCATCGCAATGCTTTGTTTAAATTAAACAGTCGGATTCCCCTTGTTCGTACCAGTTCTGAGTTGGTTGTTCGACGCCCGAGGAAGGCCCCTGAAGGAACCGCTCCA,ACCAACTCCCCAATTTCACAATTAAGTGGAAAAGAGGGTGAATTAAAACTTCGAGATTAAAGGGAATGAATTGTTAAGTGGACCAAATTCACTTCATTAATTAAGTCAAAAATCCAAGAGAATGAATTATCATCATTTAACCTCACTTCATCAATAATTTTAAGA
AACAGTAATTCCTCATCTCACCAATAACACGACCCCAAAAGTGGGGATGAAAAGTGTGAGAATACAAAGTTGAGTGCCAAATGTGAAAGAAAGGCAAAAGTATAGAGGGGGAAAACAATAATAAAGGAGTAGGAACAGAGCAACGACGTCGTAGAATATCTTTTG,AATTGCCATTTAAAAATAAAAAAATAAAAATAAAAATTAAAAGAAGAGAAAGGGTGATTTCATTAAAATTTGAATTTGAGATTAAAGAAGAAAACACAACAATTGGTAAGTCAACAACAAAGTGAATCAATAACCTTTAATTAATTGAGTATAAGTCCTTTTTTA
CCCGTAAAGAAAAAAACCCAAATCATTAAGAATTGATAACCCGATAATAATAAAAATATTATTAAAACCGCTAAATTAATAACCCAATACTGATAAATTAATAACTTTTTTTCGATTCAAGTTATCAATTTCTATTCGATTTAGAACAATCCTAGGTAAATCATG,CCTCAATCATTAAATTCATCAATTAAAAAAAATTAATTTGATTTAGGAACTGAAAGAAGGGAATGAATTTAAAAAATTTAAAGAAGGAAGGTGATAAATTACCATTTTCTTAAACCTTAACTACTCAACTCCTCGCCGGGTTCAAAAGTTGGCTTTTTTGGAATG
AAATTGATTTTCATAAATTAAAAAGAAATACTGTAAAAATTTTATGTATAAATGAATATTTAATGTAATTTTCCTTTTTTCAATTAAAAGTCCTTGAGCCCTATTCGCAAGAGAGTTGCAGACAATTTATATTCTTGCTGCTGATTCTGCTCTCAAAGGCATCAA,ACTAAAGGAGTTAATTGAAAAATGAAATAATTGAATAAAATGAGGGTAACTGGATCAATCAATCAATTGGGGGAGGTAATTGAGGAAATTTGAGTTAAGGAAATTTTAACAATTCTTTAAAACAACTTCAATTAATTCCTTCTTCCTTGATTTTAAAGTAGGGAA
GTAAATATACAAATTATAACTAAAGTGACTTTACAAGTGTGTTGGGCTTTCCTCGTTTAGCTTCTAGATCACGGCCCAAATATGGGGGTTTAACCACCAAGTACAGCAAAAGGAAGGGTTCTGCATTTTCTTCCAGAAACCATTTTCTTGCTTGTTCAATCAAAA,ATAAAAGGGAAAATTAAAAAAGTGATTGTGGGGGTGAGGGGGTAAGCGTTCTTAATTAAGTAGTTAATTGGGTTAGGAGGTGGGAAGGTTGGTTGGTTAAATTGGTTAAAATTAATTTTAACCCATTTCCCAACCAAAATTTGATTGGTTATTTGTGAGGGGTTA
GCTTTTATTTGAAATTGTATTGATATTGTGCATCGTTTAATTGAGCTGTGGAAACAACCTATAGCAGAAATGTTATAGCGGGAGTTTAGTGCATCAGTATGATCTTTTTTTTAGAAAAATTGTTATTGTGCTCTATTATGTTCGAATTGGTCTATTTTCAGATTT,TTTTTTAATTATTTAAGCAAATTTGAAAAAAAGTAATAAGTTAAGTGTTGAAAAAAAAATTATGGGGTGTTTTGAAATGAAGTGATTGTGGGGGGAGGGTTTGATTTAAGGGTTCAAAAAACTCCCCTTCCCCCTTAATTCATCCCCAATTAAACCACTTTTTTG
CGAGCGGGCAGTGTGTACGTGGAGGAAGACAAGCCATGTAAACGAAAGATGAAAATTCGTTGATTCAAATTCAAATTCAAATTTATATTTGCAATCTGTAGACACCTATATTTTCATTTCACTTTTTCTCTCTCTTACATTTGGTTTGATTTTTGCTGATCCAAA,TAAATGGGTGATTCAAAATTTCAATCAAAATTGGTGAAGAAGTGAAAGAGGAAAGGGAGAATTGGGAAGTCCACCATCAATTTCTGAAGTGGTTTATTTCAATTTACTCTCATTTATTGTTTCTTAGTCTTTTTGAGGGGGTTGGGGAAGTGTAGGGGTGTTTGA
CAAATTTTGATTTTGCAGTGTCTGTAACTTCAATTCTCATCATGTTTATTGTCAAGGTAGACACGTTTTTTTCATTTCACTTTTTCTCTCTCTTACATTTGGTTTGATTTTTGCTGATCCAAATGCAGACATTGAGAGCTTCGGTATTTGGGCTTTATGGATATA,GGGAAGTGATTTAATAAATTGTTGTTGGTTAAGTAGATTTTTTTAATTGAATGAATAATAAGAGGAGTTTGGTTTTTTATTTTCCCTCTTTTTCAAACTTAACTTTGATTTGGTTGGGGGATCATTAATGGGTTTATGAAGTTTTGGGAAAAAAAGGGATTGGAA
GGACTGCTCGAGCTGCTCCCGCGGCGAGAGCGTGTCGCCGCGTGCCGGACGAGGGAAGGACATGGAGCGGTTCCTTCAGGGGCCTTCCTCGGGCGTCGAACAACCAACTCAGAAATAGTACGGACAAGGGGAATCCAACTGTTTAATTTAAAAAAAGCATTGCGA,CGTTTTAGTTCAAAAATTATTATTAATGAAAGAAATGATTGAGGTGGGGAGGTGAAAAAAGGGGTGGATTGAAGGTTGGGGGGGTTTGGTGGTGGATGGAGTTCGAAATAAAAAAATTGATTTATTAATTAACAAACCTTCATTAAAAGAAAAGGGAGTGGGAAG
CTGGTATTATTTGTCATGATTTTCATTTTTAAAATCAAACTATAAAAACTTTTACTAACTTTTAATATGCAAAAGATTGTAATTTATAGTACTTTACTATAGTTTTAAAATATTGAATTTTTTTTATTTAAAATATAATATCGAATTAATACGATGTAATTTAAG,GGTAAGTCTTAATTTAAATGATTTGAGTTAAAAAAAAAGTGTTGAAGAAATGTGGGGGGGGGTTAATTGTTATGATTGAAAGTTGTTGGAATTTTAGGTGATTATGGAATATTCGAAAGAAGGATGTTAAGAAGTTGGGATTCCAAATTAACCAATTGAGTGGAG
TGGCCAATTGTGTGAATCAACGGTTCCTCTCGTACTAGATTGAATTACTATTGCGACACTATCATTAGTAAGGTAAAACTCACATGTCTCACGACGGTCTAAACCCAACTCACGTTCCCTATTGGTGAGTGAACAATCCAACACTTGGTGAATTCTGCTTCACAA,TAAAGGGATTTGGAATTAAGGGAGTTCTTCCCCAATTTTTTGAGGGAGGAAGAGTTCATTCCAAAAAATGGGGGTGAATGAGTTTTTAGGTAGTTTAATGCGAAATCAATTATTTTTTAAATTTACCATTTCAATTTTATTGAATTAAAAATCATCATTTGATTA
CTATTTACTCGGCAATTCATCCGGTGACTTCACGGTCGCCAAAGAAGCCCCAAGAAGCATCAAACATTTCCGATGAGATCCATGGAGCAATTCTTAGATAGCAAGCACTAGCTCCCGGTGCGACTTCATAAAAAGCAATCAAAGAGAAGATCGAAGAGAATGAAA,TCAAAGGGTCTGAAAGACCCACTCTCAATTTAATTCAAAAACAAATCCAATCAAAAACTCAAACAATTTCACTGGGGAATTGTGGGTTGGTGATTTTTTATAAAACAAAAATTTTATTGAAACTTTGATGAAAGTATTACCAATTAAAAGAGTGAAGGAGTGGAA
TTGCTCAGTGTGCCCCCCTTTCTTCGAGTGCCCCGCCCGGTTCACTGGGCTGTTGGCTTACCAAGCACTTGCCCGCTGCTCCCGCCGCCCGCTTGGCGGGCGGAGCGCTCGTTATCCTGACTTTTCTCTCTGCTGGGGCCCTCCCATTGCTATAGCCATAAGCTA,TTCCCAAATTTTCCTCCCCTTTTACTTCTCTGGGGTATTATCCCTTCCTCACTCCAACCCTCAACACCCCACTCCTTTTCCCTCAACCCATTTACTTCCCTCCAACCGTAGTGAGTTAATTTCCTTAATATTATTGTGAGTTTGGTGGCATCATTGAGTAAATTA
AATACAGAAATAAGAAAGAGATTATTCCCTTAGAGCTTGTCCAATACCACCAGTACCAGAAATGCATCTCCTTCGCCCGCGCGAGAGACTTCTATGCCAGCCGGGAATAACGGCTCTGTTATGAAAGAAAGCGGCAGACAGACTAATTTGGCCGGTATTCCCTAA,TGGGGGTTTTCTAACAAATAAATTTTGGGTTAATCCTCCAAATAATCTGATTGAATAAATATTTGATTGGGTGAAAGGGTTAGGGAAGTTGGAGGTTGCCAACCCCCCAATCCTTCCAACTCAAACCCAATGATGATGGATTTAATTAGTTTCAGGTTAATTGAA
CCTAGTGATTTACAAGCACCCTCACTGCACACTTTCTATATATCTGTCTCCATCCAATCAAAGACGTCCATGCCATAGAGAATCAGGCTCGGCAAAAACGAGACTAGGGACCATGCTCCCCGCTTTCTTCCTGTGGTTACTATTAGAACACAAGCCAAGGAACTC,TGAGGTTTTTTAATTTAATAGGGTTGAAAAAACCTTAATCCCAACTTTTTTACCCCAACCAAAAAAGGTGGTTAAAAGGAAATGAAAGTTCTTCCAAATCCAAGCTTAAAAAGTGATTCAAACTTCCCCCTCAATTTAGTGTTTGAGGTAATGGTCAACTCATTA
AAGGCTTCAAACTACTAGTCATTAAGACTACTATGAATGAAAGGTAAGGAAGTCCTTTTCTTGACTTAGCCTGCGTGCATTATACCTAACCTTTTCACTTGATTTCAATCTCAACAAAGAAATGAAAGCATAACTCTTTGCTCGCTTGCAGCGCCTCTTAGTCTT,CCGAAGTAAAAATTAAGTAATTTAGAAGAAATGATTTAAAGTGTTAAAGTTTAATGATTTCCCGGTTTTAATTAGGAGTCCCCCGTTTTAATTAATTATTTTTTTTCCCTTTTTTGTGGGGTGGGAGGAACCAACTTTCCCTTCCCTCGAAGTTAAGGGGTTGAA
TTCAGCTGGCTTCGCCCTATCTATTCATCTATTTTCTCAAATGGATATTTAGGGATCTCTCTTGTTCATAGATCTTGAAACCAGATCAATATCCATTTCTCAATAGATCTATTTATCGATAGAAAGATATAGATCTCTATATGGATCTATCTCCATATCTAAATA,GGGGGTGGTTGATTGGTAATGGTTGTTTTTGAGGAAGGAATGAAGGATTTGGGAGGGAGGGGTTTGGAGTTAAGAAGAATCCTTAATTGATCCTTTTTTGATGATTTGGAATTGAGAGAAAAATTCCCTGGCACCTTGGGGTTGTGAAGGAAGTGGTGAGGAGGA
CGGAGCAAACAAATTCAATGATTTTCTATATTCTATTTATTTCTTTTTTCTTTATTGTTGACTTTTTTCCACCACAAACAGATTTGCCGCATGGATTGGATAGAGTCCCCTGATCTCGACATTCAAGCACGAATCCCTTGAGCGCTTCGGCGGCGGATAGCAGCA,AAGAAGGAGGAAGGTGAATGAGGGTGAGTAAAGGATTTTGAAATTTTTTTCGTAAGTCATTAGTTTTTGTGGGAAGGAATTCCAATTATTTTGGTGGTGAAAAATTAATTGATGGGGGAAAATGAATTAATGGAAGTTTGGGTTTGAGAAATTAATAGGTTGTGA
CTCTGTATGAGGCTCGTACTGCAGAGCAAGCGGAAGAAAACGTAAGGTCGCGCGTTAGCACTCCTGCAAGAAAAGGGATGCGCTAAGGCGCAACGGCTTTCGCGCAGCTGCTACGCCCTTGCTTCTTGCCCCTTATTTCTAACTCAAGGAAAGCCTTGATCGATA,TTAGGAATTAAATTTACAGAAGGAATGAAGCAGAAGAGAAAGTTGGAATTAATCCTTAAGGAATTTTAAAAATTAAGTGGAAAAAATTGAAGAAAATTTTGCTTTCAAAAAAATATTTGAATTAATTTAATTTTCTTATTATTTAAATAAAAAAAATTTTTGTGA
ATGAATGAAAGTCAGTCTTTTAGTAAACGTATATAAGCAGCTCTTTAGTGTATAAGCAATTCTTTAGTGGTCGCACCGAAAGTACGGTGGAGGTTGGTTGAAGATGATCTTACGCGGCGTTCAGAACCAGTCTTGAAGTGAATGAATTATAAAGAAGTAAGGAAA,GGGTTGAATCAAAATCACTAATTCAGAAAGGAATTAAGTGAATTTAATTGGGGAAGGAAGTGGGTTTGAATTCTTTTAAAAGAATTGGTGATTATTTCAAAAAATGCATTTTTCCCACCAAGTAAATTTTTAAAAAAAAACAACCAACTCAACCAAAAGTGTAAA
AAAAAAAGTAGGATGTTCTTCTAAGGTAACCTAGAGTTTATAACTTTTGCTTGCGTTTATAGGATCTTGTTGATGTTGTTGACACTGTCATGTGATGCTATTTTGTCAAGTCACATCGATTGGTGCCTGGAACAAATTCCGTAGTCATATTACCATTACAACTAG,ACTAAATTAGCAAATTTTTGATTAAATCAAAAGGGACTTGGAAACTTAACCAAAAATAAAAAGGGGTGGAATAAACTGGGGAAGGATGGAAACAAACCTTACCTTTTTAGGAATTTAAGGAATCAACCAACCTTCTTTCATCAATTCATTGCCCCCTCTTTCAAA
ATAAAATAAATAGAGTAATAAATAACGTTGATGACTAATTGTAATATTTCATCTGGCCTGCAATCTGTGGTTGTCCAGGTAGACATACGGCCTACAATTTACCACGTAGGACAGGAAATATGGAACTAAACCACTTAAGTCTTGTGAACCGGATAATAATTTTCA,CAAAAATATAAATATAATATAGTAGTTTTGAATTGTAAGTTAGGATCTTACAAGAAGAGGGGGGGGTAGTTGAGAAGAAGAAGAGGTGAATTTAAATGAAATTATTTTAATCCTTTTTGTTTATTAAACCATTTAATAACTTTAATTAAAGGGAATTGGTTGTGA
AGAGGAGCCGTATGAGGCGGAAGCTCCACGTACGGTTTTGAAGCCGAGCCTTTCCAGCAATGGGGCCTAGGGACCGATATGATGATTGGTTTAGGTAGGGCGGCCGGCCTACTACGGGCACCTGTAGGGATTAGTGTGTGAGACCGCGATCCACAAACTGACGCA,GGTAAAGGGGGTGAATTAGAATTTGAGAACCATTCTTTGAGCACCCCCACTCAAGGGCATTAAATCCTAATTCAAAACCTTCTTACCACTCCTTCTTCGTGGTTTTTAGAGGTTTGGGGGATGGGGTCCCTTAACTTCATTTTTAGCAGAATTAAACAATTGGGG
ATTCAATCATATTTCACTAATATATTTATGCAAATTTTTTCTCAAAATATATTATCTTATCGAAATTGATGATTCTTTTTCATTGAGCCAAATCAAAATCGAAAAAAAATAATATTATTTTAGAGAAATTTTCAATTTATCGAGTATTAATTTAGTGAACTTATT,GGGGAATGAAAATTATCAACAATTTTTAAAATTTTTCATTTATTAATCAAGCATCATTCAAAAAAAATCAATTAGTTTTAAGGGAGCATAAGTTAAAATATTGAATAAAATTTTTTTAATCTTCTCAACTCATTAATTAATTGGGGGGTGATTTCAAATCGAATG
AGGCATCAAGTAATTCAACCAAACAAATATAACAAGGCAATAATAAACCAATCACACAAGACACCAAGATTTACGTGGAAAACCCTTCGATGTGAAGAGTAAAAAACCACGGTACCAAAATCTCCACTATAATCACCAAGAGTTACAAGACACAGGTCGACCCCA,TCTCGCATTAATCATTCATTTTGGATAAAAAAAAAAGGTTGATTAATTAAGAAGGGTGAATTCACTCAATTAACAAACCAAACCACCCTCAATCCACAAAAAAAATTAAATTCCTCAACAAATCACTCAATCCATTTTAATTGATTAAATAAAATTAATGGAGTT
AATCCGATATAATGAATAACTAAAACATTTCATTCAAGAAATATATTATTTGGACAGTGCATGTGACATTCCTTTTTGACTATTAGTTGATTCCCCAATTTCTCCTTTTAATTTGGCTTAGTGCATGCATTTCATCTCTATATATACATATCACATATCACTTAA,TTAGGGCATGTGGAAAGGAGTGGGTGGATTGAATTGGAAGTGAATTCATTCATGAAGAAGGGGAAGGGTTTGGGCTTCCTTTGAGTGTTTGGTTTGGTTGAATTCTTTCATTTTTTCACCCCCTTTTTCGGTTAGTTTCTTTTTCCCAAACCAAAGGGGAAGTGG
CCAAAATGCAAGTGCTGCACCAAACACTGGTGGTTGTTTCTTGTTGTAAGTGAATGCAACGAAAAGACCCGGAAATAACGAATAATGAAACAATTCATATATTGACATTTCGTGCTCATTTCCAAATTTCTGCTTTGTTATTCCCATCATCCGGTAACCACAGGA,TCAAAATAAAAGGAGAAAAAAAAAAGGGGGAGGTTTTGTTTGTTTTATTCCACCAATTATCAACTCCAACAAAAAAGGTGAAAAAATTTAAAAGTTTTGAATTTTGATTTTAGGATGTTTTAAAAAGTTTTTTGCTTTTATTGTTGAATAAAGAATGAATTAGAA
AATGCTGGGCATATACAACCAACAATGGCGGGTCCTTCCGTCAATCAATCAACAAAGTTTGGCGGGTCCTTTTATCAATCAATCAACCAAACACTCCAGTCCGTGTGCATTGACATTGCTATCAACATTTGTTTCATTTTCAATTCTCAGATTTTTTTTGGTCAA,GCTGATTTTAAAAACAAAAACCACCAATTAAATTAAAGTTGTTGATAAAATTAAAATGAATGGGTGGAAAGGTGGTGTTTAATTAAGGTAAGAAACTTCCAATTGATTAGAATGGAGTGAAACAATCTAATTCTCTTTTACAATCCAATTATTTTATTGTTGATG
TTTTTTTTGAATTTTTAAAAAATAAAAGAAAGAATTGTAAGGGTAAAACAAAAAATATTTAATTAATGTTTTATTATTTTTGTAAATTGACTAATATTATACGAATATTTATAATAAAGTGGACAATTAATATGGAATGATTAAGTATAAATTCAGAAGAAAAAG,TCTTTTAATTAATATTCAATTTCCCATAAATAATTAAATTGGAGTAAAATCAAAAAAAAATTTTTGATTTGGGGGGTTGTGTAAAAATAGTAAACATTTCAATTACTCTAACACCACAAATTAATGGAAGAGTAGTTGGTTAGAAATTAACATGAAGTTAAAAGG
GTGCAAATTTCTTGTATCTTTTCTCCTAATCAAATAAATTGTAATTTGGCTTTGAATATCTCGTCATCGTTACTTTACAGACGTAGTTAATATAGATAGTGTAGCTTATTATAGTAGATGTCCTTTGGATCATATACTAAAAGTGATTCTAAAGAAGAGGAAAAA,GAGAAGAACTCCCATTCAATTTTTAATTAACCAAAAACCCCCATTTATTAAACAAAGGGGAAGAAATTAAAGTGGAAAAGAGTTGAAGTGAGGATCAATTCAATCCTTAAAGGATAATTTAATTTTTCAACCTTTTTGGAAATAAACTCAAATTCAAGTGAAAAA
AGTAAGCAAAAATGAGTCGAGAGAAGTCTAGAATATGTATATTTCTTCACACGCGTGGATCGACGAATCACGAACTTTCCACTTAACCGTCTTATCTCTGTCTCAAACGGATACGGGTCGGATCATAATTTCAATTGCAAATTGCAAATTATATAAAGAGGCACT,GGGGAAATTAATAATGAAATGATTGATTTAAAGAAGGTTGGAGGTTGAAGTGAGGGAAAGGTTGTTGTTTGAGGATTTCCCACTCACCTCCCCTTAGTTACAAAATAATGTGACTAACCCCCTCCAATTTTCCACTTCAATCTCCACCTAACACAAAGAATTAAG
CCCAAAGAAAAAGATAAATGTACATTTTAGTCTTTTTTTGGTTAAATATTTTTCCTATATAATCCTACTTGATTTAATTTGAATTAAATTCATATGAGCTGATTTTTTTCTCTTCTCTCTCTAAAGATCACTTTTTTTTTCTTCACTTTCTCTCACTAAAAACAA,ATGAAACAAATTAATTAACTTTATTTTAAAAGTATGGAATGATTGATTTTGTTTTAAGGATAATTTAATTTATTTTTTTTGAAACCAGTAAATTGGTAAGCACTCTTCCCTCCTCCTCTCAAACCTCCAATTTACTTTCTTTTTAATTCACTTGAGTGAAGGAAA
CTTCTAATATAAATATTAAATATCAACTGAAATTTTCCACGCTCCCACCCTCCTCAATTGTTAATATCCCTCAATTTTGAGATTTTTTTATATGAAAATTTAAAATATAAAGTAAAAACACAAACTATCCGAATAATTTAATATATATTATTTGTAAATATAAAC,GGTGGGGGTGAAAAATGAAGGGTTTAATTAAATTGGATTTGTTTAATTTAAATTAATTCATCAAATTTTTGCAAACTTTGGGAGTTGGTTGAATAAAATCAAAGAGTGAATTTGAGTATAAAAAAAGGTTAATTAATTAATTAGTGGGTGATCAAAAAAAGGTGA
AATTCATTAAGGTATTATTCTATATAGCCTTCTAAATAGTCAGAGTGGGAACTCAAAAGCAAGAACTCTTAACCATCATTCCTTAACTCTAAAGGGCGTGAATGTGTAGATCAAGGAAGAAGGGTGGGATAGCGCCCGATTGATTGAGCGTCTTACAGCCCGTCA,GGTGACAATTGGGTAGGGTTTGATTTTGAATCAAACAATTTGAATTGAGTAGGGAAAATGGTTTGAGTTGGTTAGTTGGTTCCACAACTGAGTTGATTTAGGATTTTTCAACCCCCTTGAGAATTGGAGGAAGAGGAAATTTTGTGAATAGTTTTGATGAAATGA
AAAGCAGTGACAAAGGCAAGTATTCATCAATGCGAATGAAAGATATTCGATGACTGTTGGCTGCATGTTTTAAAATGAGCTATTCCTATATCCACAAAGATATTTCTTCTGCATGAGATATCTCTAACTATCGAGAGGAAAAACTTTCATAGTAAAATATATACA,TAATAGTAGAGAAGCCAAAAATTTCGGCAAAGTTGAAGGTTTGATTTAAGTGGGTTTAAAGTCAATTATTGGGAAATTAAGGGGAGTTGATTGGTTATTAGTTGTTGATTGAATTTTTCAAAATTGGTTGAAAGCCGGATTAATTCAAAAGGGGTAAGGGTGGAT
TATCTTTGAAATTTTAATTATAGCCTAGAAATACTCTATACTTTTTCCTTTTGATATTCTTAAAAGACAAATATTACTCAAATGTATATATTTGATATTATATATATATTTGATAAACTAATTTGAACCTACCACTAAACATAAAGGACCATTTTTGTAATTTTG,TTATTGGAGTTTTTGGTGAAGGATGTTAAAAAAAATGACTCTTTCTTTTAGGTAATTGAGTTAACTTCACCAAGTGGTAAAAGTTAATTTTTTAGGAATGTTGGTTAATTGAACTCCAACCCTCTCAATTAAGTGTTGAGTACCCCCCAATTAATGAATTTATTG
GGTCGACCCAATCATGATATTGAAGGAGGGGACCTTTTCTCGAAAAAAAAAATTCTTGCAACTACGAAAACCACAACACAAGCACTCCTTTTCCATTCATTCTATCTAAGAAAAAGAATTTAGCATAGACCACGACCCCCCCATCTTTTCATTTCTTTATCTATA,CATAATTCCCAATCCTCTTTGGTGGAAGGGTACATTCTTGGATCAACAAACCAATTCAAAAGGCTGAAAACCCACCAAAAAAAAAACTCATTCCCACCTCTCTTTCACAAAACTAACTTATTGATGAGCTGTTGGTCACTTTGGTCCTCAAGTGAGTGGGTGTGA
TGACTAATTATCCACACTCAAAGTCAGTCAACATATTAATGTATAATATTGTAACTATGATAATCAATTAAGTAATATGTATAAATTTGCTTAGTCGCATATAAATACTATTAAAATAATATTTTCTCGCTTATTTACGAAATAACAAAATATTAGTTTTAAAAA,TTAAAGGGTATGAATAAAAAAGAGAAGTGAACAAATATTCAAATAAGTTTAAGTTGAATTTGAGAAGATTTGAAGGGGTGAGGAAAGTTAAGGTTGGAAGCCAAACTTTTTTTCCATCAACCAATTCTTCGGGGTGGGAAAAGGTTAAAAATTTTATTGGGGTAA
ATGTTGAGGTAAGAACATAAATCGCTAAGTAATAGCAGCAAAGGGGTGGTGGCGCAGTTGGCTAGCGCGTAGGTCTCATAGCTTCTGAGTAATCCTGAGGTCGAGAGTTCGAGCCTCTCTCACCCCATGAACTTTTTTATCCCCTCTTTTTTGGTGAAAATTTCA,AAGAAATCACTTTAAATCAAGGAGGCTCCAAAGAAGAGGATTTATTTGGGTTGAAGGGTTTTGGTGTTTGGTTAATCACTCCCCAATCCTTTCTTTTTTCCACTTTCCTTTAGTTTAAGGGTCGAGATTACTCATTTCCCTTCCTTCCTTGGTGAATCAATTTGA
AACCTATAGTTTAGTTTGATAGTTTTTAAAACTTATGGGTATAAATCATATTTTTCTAAAAAGGTGAAATATATTTTTCAAATCCTATGACCAAACAGATGGTGAAAGTTCACCAAATAATATTTGCCAAGAATATTTGAAAATCTATGACGAAACGCTAGCTAA,TCCAACTACTTTATTTCATCAATTCCCCAAAATTTTTATAACAAAATTTTTTTTCATCAATAATCAGAAATGAGTTTAAGGAAGTGATTAATTCAATCAAACTGGGACCTTGTTCAAATCAATTTACTCCTAAAATTTAAAAGCAAATTGAAAAGTAATTGGTGA
TTATGTTTGTGATTTCATGTCATAAACATTTTGATGTGTGATTAAGATTGACATTTCCAATTGTGCGAGTCTAAAATTACTATATGTGAAAATAGTGATATTATTGATTATTCTTATCTTTTCATCTTCTTTCTCCTGTTAAAGTTTTATCTACTTCTTATTCAT,GTAGGATTTAAATTAAACCATTGGGGGGTAATTTGTATTTAGTTTTTTTGGAGTTCAAATTAATTAATTTGATGATTAATTTAAGTAGGAAAGGGGTGTGGAAGAGTTTTTTTTCCTTAATTGGATTTGGTGGGATTTAAAAAATTCATAAAATTGGGAAGGTAA
ACTCGTATTGATTGGAGTAGAAAGTGTTGGGATTTGGTCATGATACTTAGCTTGCTAAATAATGAGATCATGTTTATCAAGGGCTATTATATTTTTGAAGGTTTACTTATCCCACTGGTACATATCTTTTTTTTCCTTATAGGACCATCTTGTGTGCTAGAAATA,GGTGGGAGTTAATTAGTTTTTTAATTCAACCGGGTGATTTGAGTGGTGAATCACAACCAGCACTTAATTGGGTGAGGAAGTTGAATTAGTTTTTTTAGTCAACCCTTTTCACTTTCATCAATCAATTTCTTGAAGTTGGTTGGGACCAGTTATTGCATTGGATGA
CCCACGGTCCGCTTACCGAGGAATAGAAAGGAAGGACCCGGGGCCAGAGCAAGTTGGGTTGGGGTATAGAGCCGTAAGCGCGGTGGGGGGTGACAGAGGACGTGCTCGTACGGTTCATAGAAGGATATGAAAAAGTACTTTTTTGTTGGGAACTTTCACTCCTCT,TGGAAGAAGAAACCCAAAAAAACTTTTAAAAAACCCCGAGTTTTTAAAGATTAATTTGATGAAGTTGGTGAATCACTCCCTCCCCCCATTCTTTAATAATTCACACAAATGAATTGTTTAAATTGAAGGGGGAAATGACTTTTTGAATAAAAAGATTAATTGAAG
TCGGAAAGCACGGGCGAGCCACATGCAGGGAAACTTGCACGTGTGGTTCTGGCCGGGGACCCCGGTATACTGTACTAATATGTGTAGGTTCCCGTAATTCGAGTGAGATTGTCATGGCGCAAAAGCAGATATGGTCCGGTATTCCCTTGTTCCCTGTATTGGTTA,TGGTTGATTTAATCACAAGTAATGGATGAAGGAGTGGAAGTGAGCCATTCAACAAAATTTTGTGCACTAATTATCATATTTGAGGGCTTTTTTTGTTAAGTGATTGGTGGGGTGGGTGGGCTAACTCCCTTACTCATCAACTCAATCCCCTTACCAAGTATTTGA
CTATTTTACTAAGGCTGGAAAGAATGCCCACCAAGTTCAGATAAGGGAATGCTTTCCCCAACCATTAAAGTAAAGGCTCGACGAAGGGAGGGAGGTGCGGCGGGGGAAGGAAAACGCTTTCGGAGATCGAGATTTTTTTTCATCGAAAACGAAGAAGGCCGAGGA,TTGAAGTAGATAATTTGAGGAGCATTTAGGGAATAGTGGAGGTGCTAAATGATTTGTGGGGAAGTTAGTAAGGAGAAGTTGATGAAGGAAGTACCAACTTTAATAAAAAAAGGGGAGGTTGGTTGGTGATTGGGATTTTAATTACTTTAATCAAGGGGTGGATAA
CTATTTTACTAAGGCTGGAAAGAATGCCCACCAAGTTCAGATAAGGGAATGCTTTCCCCAACCATTAAAGTAAAGGCTCGACGAAGGGAGGGAGGTGCGGCGGGGGAAGGAAAACGCTTTCGGAGATCGAGATTTTTTTTCATCGAAAACGAAGAAGGCCGAGGA,GTGAAGTAATCAATCTCAAAACCACTTTTAGAAGAAAATCAGTCCCACTCCCTCCCCCAGTGATTGAAGAAGTGAATTTAAGAAAAAAGTAAAAAATTCATTCCTTAATCAATGAGTTCTTCTTCACTAATTTACTTTCATTGATGAACAAACAAAAGTGGATAA
GGTTGCCACGAGTAAGTAAGTTTGGGGGACCGAAGGCAGTTCTCCGTGCACCGGACACGTAGCTTACCGAATCAGTTGCGACACGGATGGGAATGCATGCTACGAAAGATAGGGTCGAGTCTGATACATCAACCGTCTACTCAATATCCTTGTACGAGTCCACAA,AATCATTTTATAAATTGATTATTTTAAGTGGAAAAAATGGTTGGTTCATTAACTAATTAAAGGAAATGTGGGGGTCACCCTTCACCCTTTGAATTAATTAATAATTTAAAACTCCTTCAACCCTTTTCCCTCATTTTCACCTTACCCCCAATTTTAAGGGAGTGA
AGGGCCCAAAAGTCTAAATAGGGGGTGAAAAATTCCCCATCTCATTGGGGGCGGAAAACGAATCGACATCTCGATGTGATACAGCCCTTTCGATTTTAGTTGGGAAAGAACGGCGAAGTCCATCCGAACCGTCCAATGAAGAATAAGAGGAGAGCAAAGCGCCAA,TGGGTAAAAGAAAACAATTTGAGTTGAGGAAAGTTGAGGGAAGTTTTAGTTGTCCGAGCGCCCTTTTATTGTTGGGGGTGGAAGGACTTTGGAGTTGTTTAATTGCCTTTAGTGGGAGGGGGTGAATCATTTTTAATTGATTAAAAATAAAAAGGAGGAGTGGAA
ATTTTTTGTTTGCTATATGTGAAAGTTGGCCATAGACTATTTGTACATACCTCCCATCCACACGTTTGAAAAAGCCCAATAGCTTCTTACTATTGGGCCTAGACGGAACCCAATTACAAAATTTTCAACTATATAAATACTCCACACGCAATCTACGCTTTCCCG,ACGAATTAGTGTTCAACCAACAAATTTAAACAAATCATCTTTTAATCAATTGGCACTAAAGTAGTGATTAAGGGAAGAAATTAATTTGGTGTTTCTTCTTCCTTCCAATTCATTTTCTTCATTTTCACAAAGAGGGTGATTTTCTCGAAAATGGGAACTTTTTAA
TCTTCAAATTTTCTAAAGTTTTTAAAAGCATTTTCTTTATAAGGTGAGTTTAAATTTATTTTATTTTTAATTTATTTTATACTTTTATATGATATTGTTGGTATATTCAATCGTTTGATACTTATATTAATGTTAATATTTCTTTTTATTTTTTGTGTAGAGATA,GATAAGCATTTAATTAAATATTAATTAAGGAGTGGAAGGGAAGTGAGGTGTAAAAGTTGGTTGTTTAAAGTTATTAGGCAAGTTAATTATTAATGTTTGTTGAAACAAATTAGTTTGATTAATTCATTAAGTAGGGTTGTGAGTTTTTTTTTTAGTGAGTTGGGA
TATGCACCAACGACGGCCCCTTCTCTTTACCTTTCCCGTGCCCTACCTCATTCCTTTGCTGGCTTGAATTCCATCTCTTTTCTTCTTTGTTTGCGAGAGTTACTCATAGGACGACCCACCGGTAGACCAAGACTTGAACGGATAGAATCGTACTACCGCTGTCGA,ACTAAATGATTTAATTCACTTTTTGGTGGGAGTTGGGTGTTAGTTGGGTTGGGAGGAGGTTAAGGAAGTTAATTGATTTTTTTCCAACAAATCCTTCTTTCCCATTCCCCAAACAATTCTTTCATTAAAATTGAGGTTTATTTTGGACCATCTTCAAGGGTGGGG
TTCGAACTTGGCTTAACTGACAAGTAAATACTCCAACTTTAAATACGTACATCAAAACGTACATCCTAATTTATATCTAGGATGTCAGTTGAACACTCCAACTTACCATTAATACACACATAGCCATTCAAAGCCTCTTCTTGTTTGATCAACAGGTAAAAATCA,GTAAGTTTTAAGGATAGACTAAAAAAATTTTGAAAATTACTAAACCCATTTTAAAAAAAAGAAGGATAAAATGATTGGTTAAATGAGTTAAGAAAATTAAAATTTGATTAAAGGAGTGGTGATGAATTCAAAACTTCTTATTCATTCATCCTTGGGGGATTGATG
TTCTCAAAGTTAAATTAAATTACATTTTTTAATATTTTAAATTATTATACAGAAAGTACTACAAATTACAATTTTTTTGTATTAATATAATAAAAAAAATAAATTTTAAAATGATTAATTAAAATTCATATTATTTAATTCTCAAAAAAGAAATAATAATAATAT,TAAAAAAGTGGAATTATAAACTTTTATTCAACAAATAACTATTAAATTTAAAACAAATTTTCAAAAGGTTAATTATTTAGAATAAGAATAGATTAAAAAAAAATTTTAAAAGGTAAAAAAAAAGTGTGTGAGTGAATAATTTCAAACATCAATTAAGAACTATTG
TTTCCCTTAAAAAAAGTATTTTAGAACTAACTATATTATCTATTATTTTTCTCTGTAACGACGAAGAACAATACAATCTATTCAAATATCCTAATTATTAAAAATAATACTACAACACAACATATTACAATACATTATAAAATGATAAGTAACAACCGTCTAAAA,TTTATTCCTAAAAGAAATTTTTCAGAAGTGAATTAACTCCCTTTGATTTAGGAGAAGTGGAGTGAATGGTTGATGATGGTTGTAAATTTAAGTTGATTTCAAAATCTTCACCCACCTCAAGTTTTAACAAAATAATTTAAATTAAGGAAAAGGGTGGAGGTGGTG
CGGAAGGAAAGACTCCGTTGATTGCTCCGATGATCGTGACCTTCGAACCCCGGTGCCGGTGGAACATCCACGTTAGCTTCCGTTGCAGAAGATCGCGTTTTTGTTGGAACTCTCTCCTTGTCGAAAAGTATTTAGAACGCTTCTCAGCTATCACAAAGAGGGAAA,TGAAGGAAATCCCCCCACTACTTATGGAAGTTTGACAAGGGATTTAAAAAACCATCAAACAAAATCACTTAATGGGTTAATTAAAAAACAATTTACCATACCTTTTTCAACTCCTATGGAATATAAGGGTTGAGGAGAATTTGATTAATGAAGAAAAGGGGGAGG
TTGATTGTTTTTCTTATTCTTACTTTCGCTGAAACAAACGTCGTCGTTTGGTTAGCTCCGCTCGTCGTTTTAAACAAGATATCAGAAAAAGTGAATCAGCGAAGGATTCTTCTTTCTATTTGAGTTTACTTTTTCTTTTCTTTGAAAGTAACAGATTGAAGAAAA,TTAGATGGTCCTCTTTGATGAGTTTTTAGGGAGGAATTGGTGGGGTTTTTGGTGTAAGTGAAATGATGTGGGGGATGAGGAGTGGGTGATGGTGAAGAAGTTATGGTAGTTTTATTGGGTATATTTCTCCTTCTTTCACCCCTTCAAATCAACCTAATAGTAGAG
CATATAAATTGATTGAGTTTATCGAAGGTTTGGATGGTATTAATGATAACTCAACTGAGCATGAAGTTCAACAAAGATTTACATTATATTTATTATGATTATGTGGTGGATCAATATTTCCGGATAAATCTAATAATAAGATTAATTTGGACATTTTAATTGACA,TGAGTGAATGGTAGTGTATGGTAAATGATTGTTAAATGAATGAGAAAGGAGTTAATTGAAGAATGGTTAAGAAGGGGTTGGGGAAGTGTGGGTTAAGTGGTGGTTGGATGAAGGGTTGGGAATTAATTGATTAAATGAATGATTTTCATGAAAAGTTTTATGTTA
TCATCCAGTCTGGTCAAGTTCGTTGTGTATTTTTTTGTTTGTCAAAACACACTTTCAATTTCCAATTCGACAGATCATTCATTTGTATTTATCCACTTTACCTTCCCTTTTTCTTCTTTCTTCTTACAAATATACTAATTGGGGAAATTCCTGATCCGAATCCAA,TCAGAAAAGATTCCTCATTAATTATTATTCAATTAAAAAATTAACACTTCACCAACAATTTAACCATTCCCTCATTCTTTGATGGAATTTGGTAAATTGGTAGGTCAATTTTTTCTTTTAATTCCTTTAATTCCGGAGAAGTTGGAAGTGAATAGGGGGGGGGGT
GAAGTGAAATTGTATCGTATGTTAGTTAGAGAGGTTGGCGAACTACTACGATCTATAGATTTCCCATCTATATCCAATCCCAACGAGAATAGGAGCGAGTCGCTTCCGGCCTGTCTTGTAGTCGTAGTCTTTTAGCTTATGTAGTCGTCGGCCTTCCTACACGCA,GGGTTGAAGTAGTGGGAAAAGTTTTTTGGTGGTTGGAATAATTATCAAAAAGGGTGGAATTTCACTTTTTTTTAGATTCGTAATCCACCAAATAAATAAGTTAATGGAATTAATTTGGTTGGATCCCTCATTTCAATCAATTTCACCTGATTAAAGAAGGGGGGG
AAGATCACTGCAGTTCCTTTTCGGGCGGCTGTAGGACGGCCGCCTATAGGTGGTAGGGTAGGGTGGGTGGTACCGCTCTGCGGCCAATCTTCCTAACCGCGCGCGGGCCGGGCTTAGAGCGCGTGAAACTCATCACTACCTCGTAAGGGCGTTGAGACCATAGCA,GGTGAGGTTTTACTTCACAATTGAATAATGAAATTTTGGAAGCCTTTCAATCAATAAGGGTGGTGAGGGTTTCAATTCCTTCACAACATTTTATTAATCAAAACTTAAGGTGATTTTAATTTAATTAAACTTCACCTCTACTTCATTCTACTTCCCCCCTTAATC
TGATAAGTGTGTCACTAATTTTAATTTTAATTTTAAAAAAAAATAAATTATAAGCCCCAAATCTTCCTTTGAAACATTTGATTCCCCATTATTTTTCTATTTATATTTTTTGCACCTTGTCTTTATTTTTCTTTGATGGGCCATATCTTTTGTCTCTATTTAAAT,GTGAAGTTACAAATTAAAAATCCCTTTCAAGGTTTAAAGAAAGATTAAGGGAGGTGAGGAAATTAGTTTTGGGGAATTGTAATTTTTTTTAATTTAGTGATGAATTGATTCATTCTTTAATTCTTCCTTATTGATTTTATTAGTGGGGGGGGTGGGGTAATTTGA
TAAGATTTTCATAGGGGACATGTTTGGTAGTTCAACTGTTATCCTCCTTCTATCTCAACTAATCTTTGCTTCCTGATATATCTTCATTTGTTAATGGGGTTTCTATTTATCACTGTAGGATCCCCACAACAAATCACATGGGTGTCTTTTATCGTACCATACCCC,TGAAAGTAGGTGAAGGGAATGATTGAGTTGAATTGGGATTGGTGGTTTTTCCCCAAAAATTCTTGATTTAGGAAAGTTTTTAATTTTGTGGGGAATTTTATGGGGGAAAAACTTCCTTCATCGATTTAAGGGAGGAGGTGGGTGGAAGTTAGTAAATCATTTGAA
AACATATTTATTATATACTCACGAGTGATGTCTAGAGAGGTTGAGATGTACATAGATTATATCTTATCTTTAAGAAGATAGAAAAATTGTTTTCGATAGAATTTTGAATCCAAAAAAAGACTTCAAAGAAAAACAACAATGAAAGAAAAGTATTAACTATAATAT,CAAAATTTTTTTTGATTTAATTGTTTGAGGAAAGGAAATGTGGGAGGTTAATTGGTTTATTTTATGTGAGTAGTAGAAGGGGAAAAATTTGTTGAAGTTGAGTGTAAGGGAAATGGAAGGAGTAAAAGGAAAAAAAGGCGGAAAAAAAGTCCCCCCTTATTGGGG
GCTCATGTTTAAGTCATTTAGTACCTTTTTCAAACTTTTATATATTTATTTTATTATTAAAAAAAATTCTTTAATTTGTACATAGGACATATGTTCTAATTTATACCACTCTTCTTTCAACATATCACATAAAACGGATCAAGATTATAAAATAATACAACCATT,ATTAATTAAATTAATTTATTAGTTGATTTAAAAAATGATTGATTGTTTTTAATAATTGGGAAAGGTTTTAATAATAAAAGTAAAGGTTGGGGATTAAAGGTGGAGTGAATAGGAAAAAAATTATCATTGAAAAAAATTTAAGGAATAAAAAAAATGGGAATAAGG
GAAACATTTTCTTGTAAAAATCGCAACTTTTCATTGAAATCACAATTTTTTATACATAACTTTTTATGAAAAGAAATGCCAATTTTAAAAATAAATAAATTAAAAATAAAATTTGATTTGATGGCTGGGGTTAAGAATTTCTTTTTATATAATTAAATAAAATAG,AGTAATCTTTTAAATAAAAAATATTATTTCCAAATCAATTCATTGCTCGAATTAAATAAGTTGTCTTTTTTTGGGGGGAGTGAGTTTAAAAAAATGAAGATAAACTCAAAAATTGATTTAAATTCCTCTCAAGAAAAATTTTTAGGGAAGGGGATGAAAATGGTT
TTGCTAACCAACACATGGCAGAGGAGGTTATTTTGTCATTCACAAAATGATTTACTTCCCTGTATACCTGTAGGTTAGTCAAGGACTGGAAGTCATCACCGCTCAGTTATTTTTCGACTTGTTGTTATCTAAGTATCAAATTTGCACTGCGTTTTTTCGGGAGCA,AGTAAAATGAGTAATTTAAATCATTTAATTAATTAATTGAATCAAAAAATTTATTGGAATTACTTATTAAGTAGGGAAAAAAATAATTTGAAGGAATTGAATTTTTCTTATTTTTTAACCAACTTCCTTCAAACCACCAATTTCAAGGAGGGGTTGAGTGGATTA
CCAAAAACCAAAAAAAGAAAAAATTAAACTTCTTTTCGAGGCCTTCGTTAGCTGATATTTGTTTAGTCATTCAGATAGTGATTCACGTAGAGATGATTGCAACATGGAGAAAAAAGAGAACAGAGAAAAGAGTAACAAAGAGAGGATTTATGAAGAAAACAAACA,CGGTCAAATTAAAATTAATTAAAATTAATTCATCGTGGTTGTTTAATTTTTTGAAAAAATGGTGGATTTGAGTGAATGTGGGATTATTTAAGAAGGTTTAAAAAGTTAAAAAATCACTTAAATTAAAACAAATAAATCAACACCACCCCATCAAGAAAATTGAAG
GCAATTTCATAGTGGTTTAGACGGTACAATGAAAATGAACATAATATAATATAATAATAATAATTATATTATAATATAATGGATGGGTTGTCACTTATCATATGGTTACAAAGTTCATGGAGAATGTCAATCTTTTCAACTATCTTGTAAACGTCGAAATTTAAA,GGAGAAGGTAGTAATTTGGTGGTTTTGGGAAAAAATAGGGGGTGGGTAAGTAAAATTATGAAAAATTTTAAACTCTTCACCCTCCCTTCTTTGGGGAAGTTGGGTGGGAGGAAGTTTCTAACCATTTAATCATTCTTCCAATTTTTTTTGATGGAAGGTTTGAAA
TTGAATTTGTAAATATTAATGCCATGGAATCATTAATTTTCCATATTTGGAGGATTTTGTATTTATAACCTTGTCTATTTAAAAGATAATATTCTCTTCATTATTTCATCAATTTAATTTTATTTCAAGAAAGTAAACATTAGTTAGTATAGAGAGATTTCGCAA,ATTACTTAATTAATGGTAAAATTTTGAGTGAATTTAATTTATTAATTTTGAGGTGGTTTAAATTCTCTTCCAACTCAATTCAAAGATTGTTGGTTGGAAGAGTAGGGGAGGCACTACAGGTGAGTGAGGACCCCAAAATTTGTAGTAGAAAAAAAAGAAGGGTGG
AAGGCAAAAGTTGTATCTCATAGATGGTTGATTTGGAGAAAGTTTTGTGAAGTGGGGTTCTGTATATTTGTTTTTATGTTAGGAGCTTACTATAGAGAGTGTGTGTTTTGGTTTGGTGGATTTGGTGTTGTTAGTTAGTGAAAAGAATTTTTTTATAAAAAAAGA,TTAACCAATTTTAACCAATAAAGGGGTTAAACAATCAATAGTTGGGAGGGTGCGTGGAGGTGAGGAGTTGGGGGGGTGTGGGTGAAATTGGGTGGAATTAATTTTTTATTGATGGGTGAATAATAAGGGGTGAAAAAATAGGGGAGGGGATGTGAAAGAGGAAGG
TTATAAAAATAGATAGACCAGTTAAAACAAGGGATTATTACAGCTAACAAACAAGAAAGAAAAAGAAATTAAAGAAAATGAAGTTTCCCCTAGACCTTCCTATCAAGTCATTTTCTCAATTTAATTTTTTCTTTTCAAACTTATATATATCTTTATATATATACA,GGAAGGAAGGGAAATTGCTAGTTCACCAAATTGGGGGGTTAATTATTAAAAAATTAAAAGTGAAGAAATTCATATCAATCAAAGGTTTTAAGGTTTCATCACTCAATTAATATTCATAAATAATTTTAAACTTCCCACCTCTTATAACAATTTGCTTATTTAGGG
CTGAATTAAAAAATGCTATTTTTTTATATTAAAAAAAAATATCCTTTTTGTGAATCCCTCTATTAAACAAATTAAGTCAACTCTATCTTAAAAGTTTTTTAATCCCATCCACATATTATATAGGAGAAGATCAAGAAGGGTATTATGAGCAAGAATTATTCAAAA,TGTGAGAAGAAAGTAGGATGAATTGGTGTGAAAGTGAGTGGGTTAGTTGATTCAACTTGTTGATTGGTGAAGTGAATTAGGAAGGTGGTGAGTTGTTTTAAAAGGGAAGGAGGAGAAGTGAATTAATGCCCCAATTTGGGTTGAAAGGTAAATGAATGAGTGGGG
ATAAGGTAAAATGTTTTTTTACACGTTATATGCTTATGATCACAAAATTAAAAATATTTGATATATTTAATACAAGTTTAATTTAAAAACATAAAATTGAAAAGTTTTTTATTTTATAAAAATTTTGATACTGAGTTAGGTTAGATCATTCTTTTTAAAACGAAT,GGTAAGTGAAAAATTTGAGTTTAAATGAATTAGAATAATTTGTGAAATTGGACCATTAAACCAATCTCACTCAATCCTTCAATGAAAAATAATAAATTAATGGATTTTTAATTAATTTAAATCAATTCAATTCCCTTAAGTTTAATGTTGGGGGAGTTTATGATA
TATGGTGCGCGAAATCTCAACAATTATATCAATAGTTAAATTAATAAAATAATATCAATAACTGATAAATCGATAAACCGTAATCTTGATGGTTCTATAACACTATAGAATATGTACAAATTAATTAGTAACAAGTCAAGATAATAAATTTTAAATCGAACTAAA,TGATTGGGTGGAAGCAAGTAAACGTGAATGAGGGAAAATTAATGGGATAAAATGGAAAAGAATAATGGTGCCTTCATTTAGGTAATTAAGAGTTTAATTTTGCCACAAAATGGTCTTCAAATTAAGTTGGTTTAAATTAGTGAATTAATGAAAAAAGTTGTTTGG
AAATAGGTATGAAGAAAATGGAAGAAGAAGAAGAAGAGAACATGAGAAGAGAAAAGAGATTCAAATGCATAAAAATGGATGAAGATGAAGACGAAGATGAAGAAGGAGAAATTCTCGATTACTATGATGATGATGAAGATGAAGATGAAGAAGAATTTGAAAATA,TAAAAGAAGTTAATGAATAAAAAATAGGGTAAAAAAAAATTAAGGGAGTAAAAAAAGATGTGAAAAGGGGGAAAAGGGAAAGTAAAGGAATGGATGAAATGAAATTATTAAATTGATTGAATTTTTTGACCAATCATCAGTACAATTGGAGGATCAGAATGGTGG
TCACATGTCCGACATGGCCGGTAGGTACGGACGGCATGATTCTCATCGTGCACTCACGCAGCTTCTCTCCGTTTAAACAAAAACCCAAAATAATTTTTTCAAATTAATCTCTTTATAATCCTCATAAATCTTCCCTAATTTACTACTTATTTTTCGATTAGTAAA,GGGAAGGTAGTATGATGTTTTTATTTTTTAAGTGCCATTATTTAAGTTTAGTGGAGAATGACTTCTTTTGTTAAGAATTAAAAATAAGAAAAAACTTCAAACAATTGATTTTTTTGAATAAATCTAAATTCTTTCCTACCTTTTTAATGATTCAACAAACTCACC
ATATAGCTATAAAAACAATCTTTTATTTGAATAATGAAATTATGATACACCCTCAATATATGTTACATGGCATAGTAAATAATCTCAAACTATCATAAAAACATAAAAATTTTCCTACAAAATCGAAAAAAATATTAACATTACCCTCAAAACTTATGTAGAAAT,GGAGTGGGGGTTAATGAAAAGTTTTTTTGTAACAAAAAAGCTTATTAATAATTTGAATTAATAATTAAATTTGTTTTAGAATTATTGAATGAGTACTAAAAAAAGGGGGGTTGTTACCTAAATTAAGAAAAAGTTTAAAAGTAGAAGGAAGCAAGTTAATTGGGG
TACAAAATCGAAAAAAATATTAACATTACCCTCAAAACTTATGTAGAAATATATTTCACTCGTATTAAAAAATCGAATATTATTTTAGTCTTTTAAGAGTCCAGGAAAACATTATCTCCCCCTTTGAGTTTCTGCTATCACACTTAACACTCAAATCAGCAAAAA,TCAGAAAATCAAAAATTAATAGTTTTTGAAAAAAGAAGTAAGTAAGAGTTGAGTTGGTTACTTTTATTGAATAAATGAATAAAATTTATTTTTGAATTAAGTAGAGGAAATTTATTTTAATTCAACCCTTCACCCTTCAACTTTGAGGAAAGAAAATGGGTGGGA
TAGGACTCACGTGTTTTTTTTTTAAAGTTGGATAGTTAAAGTGTTTGTTTGAACATTATAAAAATCTGAAGTCAAGTTTAGAGTTCAATATATGTATTATGCCTATATAAATCTGTAATATATTTTTTGTTGGGGTGGTTGTGGGGGGGGGGGGGGGTTTGAAGT,GGGGGGTGGTAATTTTTTGTTGAAATTAAAAACTTTAATGGGTTGATTGAGTGGAATTGAATAATTCTAAATGGGTGGTTGTTTGGATTGGATTAATGGAGTTGAGGGGGATTAGGTGATGGGTGATTATTTTGAAAGTGAATAAATTAATTGAATTTTTTATTG
TCATGTTATAATCAAGATTATTTGATGTTTAACTTAAAATTCGTAGACATTTATACGATAATAGACATTTATACGATAATCTAACTTAAAAAAAATATTGCACCTTATAAATAAGAAGAAAAAGAGTAAGGCTAAAGCCAAAAATAAATAAATATATTTGTATAT,TCAACCCCTACAAAAAAATGGTTAAGGTAATGAATTAATTTAATGATTTAAAAGGGAAAAAACCCCCCCAAATTGGTTGTTAAATTGGTAAATGAAGTTGTAAATGTAAAAAAAGCAACAAATTAATGGGTAATAATTCAATCAAACAAAAATCCAAAATTGTGG
TCCATATTTTTTTAATCATATATTTCACTATATATATACTCCCTCCAAAGAACAAATATACATATTATTGAAATCTCCCTTCTTTCTCTTTTTTCTTCTTTCTTCTTATTAATATATATATATATATATATATCTTTAATTTTTTCTAATTATATTATTATTAAT,CCCCAACTTTTCTGGGCCACATTTTTGAACAATTACTTTGGATGAATAAATTAACCCACCTTGATGGATTAACATTTTCTTTCATTTTGAGTTTGTTTTTTATTGTGGTGTGGTTTGGAAGTTGGAATCATCAAGTTGAATAGCTTAAGAAATGACGACTGATGA
TAATTTTCTTATTGAGATGTCATCTTCATTGGTCAAACAAGAATAGATTTTTATTTTCCTTCTATGGTTTCAAACTTTTATCCCGAGAACAGATTCGTTCAAAGACACAAACGACAGTTTCAAAAGCAGAAACATAAATAGAAATAAGATCACTATTGACTTGGA,TCATTTTATTCTTCTCCCCAATTTCTTTTTCAAAAAACTACATCAACTTTCTTTTTTAACCTTAACTCATTAATCATTTGTGAAAGGAATGAGTTATTTGAAGTTATGAAGCAGGGTGTGGGAAAAAATGAAAGGTAATAATTTTTTGCTTTAGGATGGATGTGA
AAATAAAAAGCTATCAACTTCTCTATTTTGCCTCTATTTGCTGCTGTTAGAAGCATTTTGTACTATAAACTATTTCTCTTTCATTCCTTTCTCACTTTTCTTTGCTTTTGGGTTTCTGGTTTATTTTTTCTCTTCTAGTTTTGTTTTGGTTTGATCTGCTTCGTG,ACCAAAAGGATTGAGCAACTAATTCACTTGATTTTTTTTCAAACTTTATTAGGGAAAATTTTGGTGAAGTGTTTATTTTTCTTTTTCTTTCATTTATTTTCAAGTGGTGGTGCTTTTAATTCAATTTTCTTCAACTTTGTTGTATTTTAACCCCTTACGATTTTA
ACATATACAAATCTCGCTCCTTACTTCCTGTTCTTGCTCGCTTTCCTCCTGCTCTCGTTCGCCTCTTTCCCTTGTTTCATTGTATCTGGTAGCAAATAATATTTGTCCCAATAAATAAAATATAACTATTTCGAAAAAGTTTATAATAGTTTAATTAGTGAGGCT,TTGATGAATTAAGTAAAATTCACTTTGATTGTTTTCAACCCTTTTGATTTCTTTGGGTGGTTATTTCTGTCCTCATTTCATCAACCGTTTCATTAATTGTTGTTGAAGTAGGAAGGAGAGTAATCAAATGAATAAGGAAGGTTGGGAGAAGGAAAGTGTTTAGGA
TTTAAGAATTTGAGCCACTAGAAAATAATTAAAAAAAAACAATTAGCTGCCAAGAAAGACTAATTTAGAGTTTCAAGTAGTCAAATAATAACTCCTACACTCTTTAATCAAATATTTGGTATTTTTTTTTAATATTTAGTATTTAATTTTTTTTTCATTCTATTA,TAATTGATTTATTATGAGTAGAATTTAGTAGTGAAATTAAGGTGGTGAAATCAACAAAGGGGCATTCAGTTGTTAAGAAGTGGGAGTTTGTGGTCTTTTCTGGGGTCCAAAATTGTTTGAGTTTTTTTTGTTGAATTTAATATAATAATTTAAGTAATTTTATTA
AAAGTAAAATTCCAAAAAATTAAAAAAAGCATCAAATTTGGTGGATATGTGGCACCACAAATTGGAAGTGAAAATTGAAGATGCTATTAGAACCACTAGTCACAATCCTTTAGCATCAACACAAAATCTTGAATGATCACTTTGTTTGAAGAATAGGGCAAAAAA,TTAAAAAATTTCAAAAAAAACATTAAGGTGAATAAATTGGGTTAGAATTTTACCAATAAATTATTTTATTAAAAAGGGTGAAAACTTTTTATTTGAAGGAATAATTTTTTTACTAATTAAAAACACCTTTTAACTTCAAAATTCGTTGCAAAAAAGTAAGGGAGG
AAACGAAGTAAATGTTGAGATAAGTTAAACTCGATTAATTATCTCTTATCACTTTTATCAAACGAGTCCTTAGATATAAACAATTTATTTAATTTTTTTCAAAAAAGAATTAGTTAATAATTGAAAAAAAAGAAAATAATAAAATACATGGGTGTGAATATGGAA,AGTAAAGGGAAATAGTTGTGAGGAAATGGGAATTTACTTTTAATGTTTTTAATTCAAGAAAAGGATTTTTTTGAATAAAAATAGGATTAAATTTTTTAGTCAAATTTCAAAGGTTAAAAAAATAAATAAATAAAATTTAAGTTAATAATTTTTAATCACCCATTG
TTTTTTGAACAAAAACTATTATCGAACCAATATCAAGACCTCTTATTAGAACCTTTAGTGGTATCTCAACCAACTTTCAATATAATATTTGAAATCCGATTAAATTTAAATTAAAAAAAATTCAAATCAAAATTTTTAATTAAAATAAAGAGTATTTATCATACC,ATGGAATGATTAAAAAGGTCACCAAGCGTAAAGGAAGGGGACCTCTTCTAAAAAAGAATGGGGTTTTGACTAACTATTCTTTAAGAGTTTTGGGTGGGGTGGGTTTTACATCAAAAACAAAATTAATTTCAATTATTTAAAAGAAGTAAAGGGAGGTTAGTGTGA
TATCTATCTACTATTTACGATAATTCAAGGGTATATTTATCTTTTTTTTTCTTTATTTATGTTGTAGGGATATATTTGAAACGGGCAGCTCACCTGCCCGTAATTATTCACACAAAAACCACACCACTACTCAGCTATATATAAATCCCTATTTCTTCTCCATTT,AAGGACCACTTTCTTTAAACATTAGGGAAGTGGATGTTTGTGGTTTTCGCCATCAAACCTTCATCATTTTTTTATTTCACAATGAAGAATAGTTTATGAAGAAATTCAAAAAAACAAAAAATAAGTCAAATCAATCGCCTTAAAAAAACTCAAGGAAATTTAAGG
CATTAAATGGTAATTAATTAATCTTTTGGTATCTTTCATATAATAATAAAATAATTATCCGTTACAAGAATTTATATGATCCTTAATTACATCTACATAAAATTATCATTTCATATATTTTTCTTACCCTAAATTTAGAAAAAAGAAGAAAAAAATGTTTGATGA,TCTGAATGAGTGAAGGGAATCTTTTTGAAGAAATATTTTTATCATCAAAAAGAGAGTTGAGTATTATTAAGTGATTTGAATGAATTAAGGAGTTAACCTCATTTTAATTTGTATATTTTGTGAGGGTTGGTAAGGGTTAGTGAATTAGGAAATTGAGTGGTTGGA
GATTTGCTGATCTGAGCTCGTTTTCGGTGAAGCTGGATTATAGGTTTAAGTGACTACCTTTCTGAATTACTCTCATTGATGGTGCACGGAAGCTAGGGTGTACACTTCTACTGAAAAAGTGGTACAGAGCTTTATTGCAATAGTTTAAAGTTGGGGCCTCAAAAA,AGTTCTTCCTCCCTTTTTTTTTTTTTTCAAAAAGGGAGGATTGTTTGAATTGGATGAATTTTGGGGAAAAAGTGAATTGGGGAAAGTTTGTGGGTGGATTTGGGTGAAAGGGAATTCCCCCTTTTCACCCCCCTCATTCTTTTTTTGGGGTGGTGAAGGAAAATG
AACCATTAATATTAAACAACCCTAATTCCTCTAATAGTGATGATAATCACATTATTACAAACAAAGCTAATTCTTCTTCTCCTTCTTCATCCTCAAAACTAGCAAATAATTATAATCTCAACACAATTAATATTCCAAACCCCATTTACACTCCTAATTTCCAAA,TTGACCTCAACCAATTAATCAATATTTATTCACCAACCAATTCAATCATGATTTTGGAAAAGAAAAAAAAATTTAATTCCCTTCAACCCCTTTCAAGAAATGAAGTTAAATTTGGTGAAAAATGAATTAAAATCAAAAAAAGAATTTAGTTAAAAAAAAAAGTAA
TTCGTCTAGATTGACCCTTTTCGGGTTCAGGTGGACTACTCTCTTGGATGTGCTTTTGATATTGTTTAAAGTCCTCGATTCTTCGTAGCTCAGTCGTTTGGTTTTTCCTTGGAGAATAACAAGTACAAGATAATAGGAAATTTTCGAAACTTAGTTCTTATACCA,GGGAATTGGATGGAGTTGTTTTGTGGGGAGAAAGAGTTGAGGTATGAGGGTAATTTAAGTTAATTGGAGTAGTTAATGATTTTCCATCAAATCTTATTCACCTATTGAATTCAATTAAGGAATTAATTTGCAAAATTCAATTTTTTTAAGCCCAACCTTTTTGAA
GTAGCACACAAAATGCATGTATAATGTGTTATATACAAGTAGTGGGACTTTGTCTGTTGACTTAAGAGTGTGAACTATTGATAGTTTCTGGCATTAACTTGTGTGACGCAATAAATGGGCTATATATACATCATCAAAATTGTTGAATAGACACACAAAGCAAAC,TTAAGAATTCAAAAATAGTAGGTTTTTATGAAAGGGGGTTTGTGGAATTTTGGGTGAGTAAATTAAGCCTCAATAATGTGGGAGGAGTTAATCATATTTGATAATGATTAAGGAATTGAAAGTATTGGTGAAAAAAAGGTTTTTTGAATAAAGTGTTGAAAAGGA
TATCAAATTCATTCATAAACCAGACAAGCCTAAGGTTTCTTCTCCTTTCGCACAATAATATAAGTGGACAGATTGCTTCAACTATCTGCAATCTAAAAACACTAATAGTTCTAGATTTGAGAAGTAATAATTTGGAGGGAACAATCCCACAATGTTTGGGTGAGA,ATGAAAAAGTAAATTCATAAAAAAGGAAGTTAATAGAAGTTGGGGAGTTCGAAGTTAATTTGGCCTCAAATTGTTTTAGAAAAGGTTGTGATTGGAAAGGAGTTTTCTTTCAATAATTCAAAACTCCCTTTTAACAAAGGAAGTAAAGGAAGGGGTTGAGGAGGG
CATATGGGCCTCACAATTTTGAACGGCTCCTTAAGAACTTGACCCAATTAAGAGAGCTCCACCTTGAATCTGTCAACATCTCTTCCACTATTCCTTCAAATTTCTCTTCTCATTTAACAAATCTACAACTTTCACGTGCAGAGTTACATGGGATATTGCCCGAAA,GGTGAATTGATTAAAAATTTAAATTTGAATTAAAAAGTTATGGATTAATTCTTCATTAAAAATTTGGGGGTGGAAGGAATTGATGATGGGGCAACATCAACTAATTTAATTAGTTGAAGAAAAAAACCATTTGTTTTTCAACCATCAAATTAGGTAGGGAAGTAA
TTGAGTTGTGTGGTGGTCCTATTCCTGCAATCCAATTAAGTTGGCAAAACAAATAAGGTATCACACAAAATGCATGTGTAATGTGTTATATATGTAAGTGGTGGGGACTTAAGAATGTGAACTATTGATAGTTTCTGGCGTTCACTTGTGTGACACAATCAAAAT,TCCCACCACCCCCATTCAATTAGTTTTAATTTATATATTATTTTAATTAATCAAATGATTAAAAACAAATAATTTTTTAGGGTTTGATTGGGTTAAGTTGGGTTAGGAAATTACTCCCACCACCTCACTTTCACTTTCAATTTATTATTCATAAAAATTTTTTGG
ATCAACAGGTCAATTCTCGTGGAAAATAAGCTCGAGGTGGGGCACTATGTAAGGCGCTGTATTCAGAGTAGATTTCTAGTCTAAACTGAATGCATTAGGAAAATGACTAGGTAACTAGTACTAAATTATTTTATTTGTGCTATATATACCTCATCTAAATTATTG,ACGGAGTTTTTTAATTTGCCAATTAATGGGAAAGAGTTTTAATCCATTCCGGAGTGGTAAGAAGGGCATGAGGTTGTTTTTCAACAAGCAAACTCATAACATTATTGAATTTAATTCATTTCACCAAATTCAATTGATTAGTGATTGATGAATGGAATTGGGTGG
AGGTCAATTCTCGTGGAAAATAAGCTCGAGGTGGGGCACTATGTAAGGCGCTGTATTCAGAGTAGATTTCTAGTCTAAACTGAATGCATTAGGAAAATGACTAGGTAACTAGTACTAAATTATTTTATTTGTGCTATATATACCTCATCTAAATTATTGAATAGA,AGGGATGTTTGATTTTTTGATTAAATGAATGGAAAGGTTTGGTTTGAATGGAAGGGTGGTTAATAATTTGAAGGAGAAAATGTAAAGGTAAACAAATTTAGTCCCCCCACTGGTTTAAAAGTTTTTGTTGAGGGGTTGGTTTTTGTAAAGAAAGGGAGTTTTTTA
AGAATTGATTACTCCAAAGTAATAACTAAATCTGCATAGTGAACTTCGTTCCTGAGTTTGTGCTATATATATCTCATCAAACATAATGAAACATATAGACACAGCAAACATTTCTTGATTTCTTCTCTATCAACTTAACTAGTTTTGATCATTTTAGTGCAGAAA,GGAGAGGATTAAATTAAATAATCCTAAAAAAAAAATTAGTGAATTTCTTAGTAAGGGAGGGGTGAGGATGTTTAGTTTGGTTAGTGGAAAACCCACCCAAAAAACTAAACTACTAATTTAACCCCAAATTAGTAAATCAAATTAATTAAACTTTCTTAAGTGAAA
TAAAAACCCCAAAAATATAAAAAAATTCATACCGAATCAAATTAATTCAGTTGTTCGATTTTTCGTCGGTTTTAATTTTAAAGTATTGGGCCAAAGCCCAACACCCTTTATAGCCCAAATATTCAATTCCTAATATTTTTAGCCCATACCCGTTAGGGTTTAACT,TTAAAAGAAGGAAAAACTAAGTAGTGTTGGTAAGTTAACAACTCGACTCACTTCCATTGATTAAGTTAGTTGGAATTGATTAAGTAATTTAAAACATTTAATGTCTAATTGTTTTGAAAAAATCATTAGGGGCCTTTTTAGAAAGAAATAAGGAGGGGGTGATGG
TATATAATGACGAAGAACGATACAATATATGCGAATATTAATTCAAAGGGGTCGGATTTAAACATAATAAAACTTTTGGGGGTACAAAAATGATTTTCACTTAAATTGGAGACCATGAAAGGAAAATTATACAACTTTATATAGCCCCTTTTTTCCTTCTCATCT,TAAAAAAGTTAAAAAAAAGTTTGAGGATTAAGAAATTTTTTGAGTGGAGTTGGGGGGGTGAAAAGCTAAAGTGGATTTGTCACTAAAGAAGGGTTTTAGGTAAGTTTTGGTGTATTCAAAATCAATTGATTGCAATTGAGCTTTAGTGGTGTTGAATTAATTGAA
AAAATATCAATACGCGCTGATTTCATAAGATAGTGTCACGTAGGCCGAAAAGGGATAGGAAATTATTTATAAAATAAGTTCAGGAGGTAATATGACTTTAGTATAATATAAGTGTGTCTCTGAAATTTCAAACGTAGATTGAAGGGATACTTATACATTTTCTCA,CCGAAGTAATATTTCATTGAGTGATTAATTGAGTGGGATTAATTTGTGAAGTTAAAAAATTGAATATTTTAAGAAGTAATTTGAATGGATGAATTAGTTGAAAATTCATTAATTGAGTAACCAAAGTGAAAGGAGGTTTGGTTGGGGGGTTTTGAAGGATTTGGG
AATCTTTACATTTGTATCATTTAAATTTTGAATTTGCCTCGCTTCGACTAAATGACTCCTAAGGTTAAATAATTTAATTTTAATTTTTATTTTTTTAAGATTTGGAATCAAACTCCAAAACGACATCGTATTAGAACAAAGTAGTATCAGCAAAAGGCTTCCACT,ACTAAATTCAATCCTAAAAAGAAGAGTTTCAACTTAATTACATGTTATTCGAAAATAAAAAGGGTGGAATGATTGTCTTTTACTTTATTTCCTCATTTAATACGCTTCACCCCTTAAACCAAATAATTTTTACCAAGTAATGAAACAACAAAAAAAGGTTTGGGG
CTTTGTTTGAACTTTGTTATCATCTTAGTGGTTAACCATGTAGAAAATACATAAATATTGAGGAGGATGGGATGTCAAAATTGCACTATAAAAACCAGAGATCTTTACTCAACTATGCAAAACAAGTCTTAGTTCTATCCTTTCTTTTCTCTCCAAGAATCACAA,GGGGGTTGGCCACCTGGATTAAGGTAATTGAAAAATAATAATTAAAATTAGAGAATGAAGAGAAAATGTATGATGAAGAAAATAAATTGGGGAGAAGAAGGAAGTTGGGGAGGTTATTCAATTAACTCCAATTACTTTCTTTTTTTTGGTTTAATCAAAGGGGAA
GACTGAAATACAATTTTATGAATATTAGAGGGACTAGGAGTGTAAATTCTCCTTTCGATAAATATCTAAAAAGTACGATGAGTTCAGTGCTTAGAAAATTACCTGCCGTGATCCCTTCATGGTAATGCAACTCCTGAAAATCGATGAACGATCTTACGTATTCAT,TAATCAAAGTTGAATTTATTAAATTTAATACAATTAACTATTTAAATGATTGGTTGGAACCCTTTTTAACAAAGAACTTGAAGGGAAAGTTTTTGTTTTTTAAGCATTCCTCACTTTCCATTCCTCACTCACCTCCCCAATTCATTACTCCAACCTTTTATTTTG
TTTTTGTTTGCTATATGTGAAAATTGCCCTATATAATTTTCCCTAAAAATTAAAGACCACAAAAAATAATCAAAATAGCCCAAATCTCTTCTTATTGGGCTTTTTTATGTTTACCATTTGGGCCTCAAAAAGATATTTTTAGTTATTCCATTTCTATACGTTTCT,TCCTTTTACTAATTCATCAATCAAGTTAAAAAATTTTACTACTCAAAAATTAAAAGGGAAACAACTTAACCAATTACTTAAATTATTTGATGAATAATTACTCTTTAACATTTGCTTCTTCCTCAACTAACTTCAATTGATTTAGTTCCAACAATTAATGGAAAA
TTGTGTTGATCGGGCTATTCAAAAATGTTGATGGGGTGTTTGTGGACGATCCTCCAAAAGCAGTGTATTTTTGGAGGAATCGATACGGGTGTGATAACATTTTTGGAGAGTCTAAGTAAATATAACTTGATGTTCAATTTGATCATGTTGTAGGGACTAAGCTAA,GGTGGGGTTAATTAACAAGTCAAAATTTGATTTTGGCAAAGGACTTTATCAATTCAAAATTAAACCCCTTTTGATGAGGTCGTAAGTATTGATTTGGTGGTTGGTTGAGGAGGTTTTAAAAGTGAATTCAGTTTAATTGATTTGGTCTCCTCAATTGGGAGGTAA
TAAAGCTAATTATTCGCATTAAAATTAAAGATATTTTTAATATATCATTATTTTTAATACGCAAAAGTTAATTCGAACGTCACAATTATTATAAAAAAAAAAAGAAGAGAGAATTATTAATGGCAGGATAGTATATAGTATAGTTGAAAGAAAAAGAAGAAAAAT,TAAAAAAATTATTTCACAAAAAAATTTAAAGTAATTAATTCATTAAATTTTTTACCAACCTAAACAGTTTTGGGAATGGTCAATAAATTAATTCACCAAACAACCTTTGCAAAATTTTAATTGGAAGTTATGAAATGATTTTTAGTGAAATAAACTGAATTGAAC
TTAATGATTTTGTTAATTTTTTTTTTCAAGTAGGTGAAAAGATTATATTCCAGCTGTAATCTTCAGTTTATAATTTTGGTCTATAAAGAGAAAAATGCCTATCACTGTTTTGAAGTTGCTGTAGTTCTAACTTCCAAGCACTAATATTTTTACTTTTTTTTGTGT,GGAAAGGGGTTTGGGGGTTTTTGATTGATGAATGAAAAGTGATGAGGTTAAGGGAAGGTGAGTGAATGTGGGAGTTTTTTTGAAGCTGAAGAGGATCATAAGTTTCGAAGGAAGGATGGGGGAATTGAAAGTAGTCAAAAGTTGGGGGAATTGATTTAATTATTG
AGTACATGTTATATGAGCCCAACAAGTTATATTAGAAGTGATCTTATATATATATTTTTTTAGTTAGTTTCAAAAAATGATACATCTTTTTATTTGATAAATGTTTAATAACGTTGTCAACATTTTATTCATATTGAATTCTACTTATTTGACCAAAAATCTTTT,AATAAGTTCAAATATTTAAAAAAAATTAAAAATTGTAATAAATTCTTCAATTCATTTGGGGGTTAATTGAGTGAAATTCCACTTAATTTATTTTTACCTCATAATTGAAAAACTTTATCAAAGAAGTAGTCCCGACTTACTACCTTAATTAATCAAGGAGTTGAA
ATATGTTTTTATCGTCATCAATTTATGCTTATGTTATTAAGGATAAATGATAAGATATTATAATTTTTATTTTTCTTTTACATTATAAATGTTTGTTAACGACGGATCGATTTTAAATATTATTTTATAAATTGTGTAATATTAAATTCATAATTTTACTAGTTA,GTGTATTTCACTCTTAAATGAGTTAATTAAAATAAAAATTTTAAGAATTCAATTAAAATTATCACCTCAATTCATTTTCAAGTCCTTTCTTTTTTTGAGTTATTTTTAAAGTTTAACCAAACTTCCCCACCCCTTTTGAAGTTTTAAAGGAAAAGTTGTTGAAGA
AACCTATGTTCTTTTTCATAATTATTGTAATTGGTATACCCTTTAACCACTATAACATTACTTTTAATTTTTTTTCATATTAAAATAATTGAACATTGTAACTTGACCATCTATAAATAGATTGTTCCAATACTTCACATATCATAAAAAAAAATTCCACTTCAA,GTTGAAGTTTTTTTTTAATTTCCTTTTGGGAATTAACAACCCAACCTCCAAACCCAACTTGTTTGATTTTTTGGGGAGTTTGGGAGTTTTGATGAATTTAATTAAGGGAAAGTTAATCAAACTTGGTAAGCTGAATTGAATTTAATCATTAAAGAGTTATTAAAA
ATAAAATTCACCTCTATCCGCTCTTTGCCCTCTCTTATTTGTATCTCTCCCCCTCTCCCAATCTTGCTCATCTCTCTCCTCTCTCTAACATGTGGTTAAGAATCGCAATTAAATATTATAGCTATGAAGCCTAACTAAGTTATTTCTAATGGCTACTTGTGAAAT,GGGGGGTGATGAAGGCCATCAATTTGGAAGAACTCATTTTCTTGAGTGGGTGGGGTTGGAAGAGTGGTTTAGGAAGTGGGGAGTTTAATTTATTGATTTTGATTTGAGCCCCCCTTTTTGGGTGAAGTGGTAAAAATGAGGGGATTAATGTGAAAGTGAGTGTGA
AATTTGGTTTCAGAAATTCAATCGAGTTTGAGTTTGTTGTAGAAACGGATTTGGGGTTGTTTTTGTATGTTTAGGGTTTTGATTATGATGATGAAAGTATAAGTGATGTGTTGCAATCGGAATCGGGTTGTTGTTTTTGTTCAATTTTATATGGGTAAAAAAGAA,AGGGATTGTTTATTCAGTAAAATTAATTTAAAGGGGAATTGGTGAATTGAAGCAAATGTTGGTTGATTGATTGACTTTTTCTGACTTTTTTCCCCAAATTAATTTTTTGTTGTTATTAGAAATTGAATTTCTTTCTTCCACTTCCATTCAAAATTCAAAGTGATG
ATGTGACATATTTAAGGAAAGATATTTTGATTTATTTAACTTAACTTTAATTTACAATCATAAAATTAAAAAATATTCTTTTTTTTTTAAAATTTTGTTCAAAGTCAAACTAGTTATCTTCAAAGGGAGTAATAAAAATCTCTAACTTTTTTTTTTATATGTAGA,TGAAAGTTTAATTTAATTAAAATTTTTTGAATTAATAACTTTAAATTTAAAATTAAATTTTAAAAATTTGAAATTTATTTTATTGTTGTAGTTGATTTAATCAATTTAATTAGTTTTGGAAAATAGGGTTTAATGAAGGCTTTCCTTCCCGCTAAGTTAATGGGG
CGTGATTTTATCTATTTTTTACAAAGAGATTATTTTTATGACTCTATTTTTAAAAAAAGAAATATACTTAATCTAGAAAAAAAAAATATCTAAAATAATTTAAATATTACATTTATTTTTATTGAAATACGAATCTTGACGTAACTGATAAATTAAAAACCTAAA,GGATCCTACCTACTTCTTTCCCTGATGAACATTTCCTCACCTTTTGGTTGAAAAAAAAGAAGGGGATTGGTTAAGAAAAAAATAGAAGTGGAAAAGTTGATTAATTTGATTCACTCTAAGTCCCACGATGGAAATGAAAATTTTTGAAGTGTTCAAGAATTTATG
AGTAGCTAGTTTTGATACAAAACAAATTGTATTCATCATACAATTATCGATCAAATATCTCTTACGTTTCTCCTTTCGTCTCATATCTCTCTCTCAATCTCACTCGCCTCTCTTCCTTTCTAATATATATCTACGAATCACGATTAATTTTTAACTATAGTCATT,CCGAAGTTTTTGAAAGAAAGAAGGGTTTTAAAGGAGTGAATTAATTTTTTTTGAATTAAATTTTGGCCGCCCTCTTTCTCACCCCATCTCCTTTTATCCTCCTGCTCAATTTCGTGAAGAAATCCCAATTATGAAAAGTACTTTTTGAATAAATAATTGGTGAAA
CTCGCCTCTTTTCTCCATATAACATGAAGCTACAAATTGTAATTATCAGACTATAGCTATGGGAGTAATTGATTACGGATATATGTAAATATTAATATACAATAATACAATACATTATAAAACAATATGTAATAACTATTCCGAACAAAATGTATAAAGAAAATT,CACAATTATTTTTAATAAATAAATTATCAATCAAATGGGAAAAATTGAGAATAAAAAGTGTTTTAATTTTTTTAATTAATGATGGTTGGGATTGTGGAAGTAAAGTAAAAAATTAATCAAATACTGGAAGGGAATTTTTAGGAGGAAACAATTTTGAAAGTAAGA
GCATCAAGTCAAATTTAACCAGATCTTGTATACATCTAATAAGATATCAACAAAATTTAAAAAAATTACGTAAATAATATAATACGCTCAAACCCACGCCCACTCACCCACTCACCCACCCTAATTGTTGGTTAAAACTCAATTCATCGACAAAAATCTATGTTG,TTATTGGATAGAAATAAAAAATTATTTATTAAAAGGTAAAAAAAAGGGGACTTAATAGAAAAAAAATTGGGGAGTGGGTGAGTTAAGTGAAAAGGGTAAAAAATTGATTAAATTCATCAATTATTATAAATTTCAAAAGTAATGAGGGAAGAAAAGAAGTTGTAA
TAGAATATATTTTAAATCGATAAATTTAAAATTCTGAATTCATCTTCGTAATATACTATTCAACCACAAACATTTTTGGTGGTAGCTACATGACATATGTAACCAAGAGAATTTCTACTTCACTTCTAAATTCTCTATAAATAGCAACTTCTTTTAAGTATTCTA,CCCAATCATTCATTTATTACAAAATTTAAAAAGTATCATGAAATTTGTTAAGAGGAAGTTTGGACTCATTCATTCTTCAACTTACTTTTCCTCAACCAAAATGATTTGAGGGGGTGGATTAACTTAACAATTTGAATCAACAATTGAATTTCTCTGAGGGGATGA
GTCATTGACCCAATTTCTCAAAGTCTTTAAAAAAACAAAAAAAAAATAAAAATTGTTGAGGGTCAATATATACCTTTAAAAAAACCACAAAAACTTCTCAAGAGTATTGTTCCACCACTTCTCTCTACTCTCATTTCCCATCTCTTCTTTCTTTCTCTTCGAATA,TAGAAAAGTTTAATTTACCAATTTTTGGAAAAAAAAAAAAAAAAAATTAAAGTCTAATCATTCATTCATTAACCCATTTAAAGAATGGTAAAATGTGTTGAGAGTTAACTCCTTTCCACTCCATTAAATTCTCAAGTGAAGGTTCAGGGATTTGGAAGAATAAGG
TTTTAGCCAAAAATAATTCAATAGCAATTAATTATCTTTATAGTCAAATAGATAATATTTACATGGCCCACATGTACACGTGTATAGCCAAGAACTCGCCACGTGTCCAAGAAAATCCCTTATATATCTAACTAAAAAAATTAAATAAAGTAAAATATAATAAAA,TGGAGTAATTAATTACACTAAATTGGAGTGAGTGAAGTTTTTTAAAATTTTAGGAAATTTTAAAATCTTTTGGGATTATGTAAGGGTTGAAAATTATTTGAATTTTTAGGAAGTGGATTAATTTAAATTTAAGAAATCAAACAACATCAATTAAATAAATTGAAG
ATGACAAAGTTGAGGGGTATATATCTATAGTGATATTAAAGTTCAAAAGTATATATCTATAGTGATATTAAAGTTCAGGGTCTCTTATTGCATTTTATCCAAAATAATAGTTCTAAAACAACAATTCTTAAACTTTAGCTCCACTTTCAACCCGAAACGCCCAAT,TAAAAAAAATTTTTTATTAACTTATTAATCTTATACCAATTTTTAAATGGCTGAATTAAATTAATAAGTAGAATTTTGATGAGAAGTAATTAGTTAGTTGTGAATTGAAGTAATAACAAAACTCTGGGGAAGATTGTTGAGGGGTTCACAAAAAAGGGGGGGAAG
GGTGACTCCAAACTCGGGTGTCGATATACTTGGGCCCAAAAAAAGGAACTAAGCCCAATAACATTCTTTAGGCCCAAAAGTACCAGGCCCATCAGATCTTCATTTCCCTCTTTAAGGCCCAATAAGATATTGTAGGCCCATAAATATTAGGCCCAATAAACAGCT,ATTAAAGGTAAAATTCCATTCCACCCTCAAAAGGAGAAAAAATGAATAAAGAAGAAAATTAAATCAGAGTATTTGGGGAGGTTAAATTTAATTTATTTCATCAATTTAGGTGAGGGGAAGAAGTGATAGTTTGAATTTTACCGCCCTACAATCCAAACCCTTTCA
ATTGAATATAAAATTTGTATGTACTTAGCTTATATATATATTCGTACATAAAATTTACAAATGAACAGAAATATGCAAATTGCAACCTCCATAGCAAACAAAATTATAACAAAGAAGCTAAATTATCGAAACGTAACTTATAAAATTAGCAAAGATTGATTCTTA,TTAAGGGATGAAGTTGGTTTATTACATCACCATTATCAACTCTCAATTAAGAAAAGAAAAAGTGAAAGAAATTATTTGATTAGAAATTAAGTAATACCACTAATTCAAAAAAACAATTTAAATTATTAAAAATTCTAATTGACAAATTAAAAAATTAGGGAGTGG
AAAATAACGGTTACGAGCTTTCCTTATCATCTAAAAAAAAATTGTAAACAAAAAATATCTATTCGAAAATAATATTTCTATAAAAAATTTTCCATATTAAAACTCGAATTTAGACTTTATCCAATAAAACAATCTCATCATTACATCGAATTTAAGTCACTTCCA,TAAAAATGATGAGAGGTTGTTGATTGGGACAAAAAAAAAATTGCCAAAATTAAAAAAAGTAATTTTAATAAAATTGTGATTGAAAAAATTAAGTTATTTGAGTGGGAGTGAGCCATTTTCGCCTTAACAAAGTTCTTACTCCTCCGTGAATTCAACTTCATATTG
CTAAAAGTGCTCAATTTTGTCAAACTTAAGGACTAAACTAATAAAAAGATAAAGCTAAGGGTGTACTTTGAACCTACACCTAAATATAAAGGACCATTTTTGTTATTTAATAGAAGTTGACTCTGAAGTTTTCATCTATATATATATATATATATATATATATCT,ACCAAATTCATTCATTGGTAAAATGGTTGGGGGAAAGAATTTAAAATTAATCAATCAAACTTGTTAGTTTAATTAATTTAATTAAATGAAATAACTCATATTGTTTTAAGGGTAAAGTGATGATTGAATGGGGGGGGAAGTTTGTGCAAGCCAATGATTAGAATA
ATAATCAGTTCGTACGTGACATAATACACGTTCGAGTGCAACGTATGTATGACGAATGTGTCTATCTGACAACACGTAAAGCTTATCAACTATTTACGATCAGCTAATCCAGACGACTCTCTATTTAAAGTAGTTTACTTATGATGTCTCAAAAGCACAACAAAA,ACTACTTTTTAATTTTGAATATGTTTGATTCATTAAGTGATAAATGGGGAATTGATGATTGGTTAATTGAAATTTATTAAATAAATGGCTTTTTTTCCCTGATTGAGAAAAGAGTGGATTGAATTACCAATCAATCACCCTAATTTATTAAAAAAAAGGGAGTAA
ATATGCATACATATTTATAAATTGTGAAACTCAGTAATTAAAACGAGCGATTAATTTGATATAAGTTCAGAACTCATAAACTTTAAATTCCGATTCAGCGTTCGATAATATCTTGAAAAAAATTCTACATGCCCAAAACAATTCACACACATAGGTACCTAAGCA,TTAAGTGGTCAATCCTTAAAAATTAGTAAGTAAGAGGGTGAGAAATCTTAAATTTTTAGTTGAATTAATTAAGTAAAAAAAGTTAATTTTTGGGGAGAAGTGAATTTAATTGTAGTCCAAAATCACTCACCCTCCTTCCATTTATTGAGGAAAAATGATTGAGTG
AAAAAATTGATTACATTTTTTTTGTGAAAGAGGGAATACTTTTTTTTCTTCCAATTCCTTCCCTTGAGGTAAAAAAAAAAAAGGATAAATGGTCAAATAAAATAATGACTTCAAATAAATAAAAAAAATAATTATTTTTTTTAAAAAAAAGAAGAGACAAGTTCA,GAAAAATTTTTAATCATTTATTAATGAAGAAGGAAGTTTTTGGTGATTTTGGGAGTGGTTTGGGTGCAAGATTAAATAAATAATAGTGAAGTGAATTTTAGTTATTTTGTTGAGGAAGGGGAAAAAGTTAATTAGTTTGATTGAAAAATTTAATTCAATTTTTTA
AATCAGAGATAAAAAAATACTCACCCGCAACTCCGATGGAGTTTTTCGTTTCAATGTGGTAGTAGTGACCTTAGAACTACCACCACCAAAATTAAGTGCATCTGATTGATGTACCATACCCGCAGCAGCAACCTTCGCAGCCATCTTCTTCCACTTCAACTTTAG,TTATCCTCAATAAATTAATGAAATTGAAGAAATTATCCCTTATTTCAATTGGAAAGGAAGGAGGGGAATGAATGGGGGGGGGTGGGTGAAAATTATTAAGGATGATCAATTATTCACTTAAATCAAAGGTTGAGGGTTGAATTCTGAATTTAACCCGAATTTTAA
TCACAATTCCATCAAATGCATTTGATTATACATTAAAAGTAGCTCTTTCTACTCCAATTACTCCAAAAACTCCTATCATTCCAAAACCCAAACTTCCAGCACCAAAGGTCGTTGCTGTAAGTCAAAACGTACCGGCATTTGTTAAGGCGTCATTGGTTAGCACAA,CTATCTTTTATGAACTCTTCCTTCTTCCTCAATTAAATGAGTTAGGTGAGGTTGTGGCACCAATAAAGTTTTTTAATTTAGGAAAAATTAAAAATAGCAAAATATCAAGTTGAAAATGAAGTAGTGGATGTGGGAGGGTGTTAAATGGTAATGGTGGAAAAATAG
GAGGTGCTCCTTTGCTTAATTTCCCGGCGAGGTGCCCCTTTGATTAATTTTCCGGCAAGGAGCTGTTTGATAAATTATCCGTAAAGGGGCTGCTGAATTACCCGGCAAGAAGCTGTTTGCTTAATTATTCCGTCAAGGCTGCTTAATTATCCGGCGAGGAGCTGT,AATGAAGGGTTTAATTAATTCTTTTGGAATGAGATTTTTGGGGTTGGTTTGGGGAGTGGGAAGGAATTTTTAGGGGAAACCACCAATTTTTTTTCAGTCCTTAATTAAAGAGGTTATGAGAGAATTTTCTTAGGGTGGTGTTTGGAATTAAAAGGGAGTGGATGG
ATATATGAATTTTTTGTGTGAATTTAGATTTATCCGAATTTTAATATACATATCAAACATCACGTCAAAGATAAAATTAAAGTAGGATAAAGATTTTCTATTTTTGGTCATATTTGACACTTACAAACACTATATAGGATTACGAAGGATTCTAATCTTAAAAGA,GGAGGGTGGTGTTTTTGGGGTTTTTATTGGGGTAAAATTGTAAGATTAATCAATAAATGATTAGTAAAATTAAAATGGTAAAATGGAAGAAATAAAAGTGATGATTAGCACTTTTCCTACTCCAAACCAATTCATTTCCATTCATGAATTGTTGGATTTGAGGGG
CTTGCTTCGCGTCAATCACCATTTAAATTAGAATTCAACTGACATTTTATAGATAAATCAAGATGTTTAGATACGCATATTAAAAATTGAAATGCTTACTTGTCAACCGAGGTCACGTAACGTTTGTGTATGTATTATGCTCAAATTTATAAATGTTTGTTGGAC,CCATTTCTTTATCAGTTTGTTTTAATTTTGGGAATTACTTCTTCCATTAATCATCAATCATTGAATTGAAAGTAGTTCCCCCCAAGTTTAATGATTTATTGATTAATTGGGATTGAATAATTTCCCCCCCTTTTTATTGATTAATTGGTGGAAAGGGGTTGATTG
AACCCACAAATTCACTCCATTCATCACCCCCACACACAACACACACATTGTGTTAAAAGACATCACTAAATATAGAAGAATCAAGAAACCAAGAGCAAATTTCAAGAAAATAGAAGAGAGAAAAAAAAAATCAAACTCTTTTCCTTCTTTCTTCTTCAAGTGCCA,GAAAAATCCACCCCTCAAATACTTGAATTAATTAAATTAGTAAAATAGGGTGTGAGAAGGGGTGGGGCACTCCAATTAATCAGTTTATTAAATTATTAATGAAAGTATATGATTAAGTAAAAAAAAAAAGAAAAAATGGATTATTTCATCCTTCCCGAGTTAATG
CACGAACTATAGGGCTCATTCGTGGATAACGCTCCAACGAGATTTGTTTATACCCAGGACTCGAACCCGAGACGTAAATAAGATCTCATATATATATATATATATATATATATATATATATATATATATATATACAAAAACATCCTTGGCGCCACTATCAAACAA,TTGAAGCCCACTAATAAAATGGATTTTTGAACCAAAAAAAGGAGGTTGTAAGTGAAAAGGGGGAATTGTGGGGGGAAATGAGAGAAGATGTTTGATTAAGGACCATTCATTTTGTTCTATTAATTTCCTCAAATTAAAAAAGCCAAAAAAATAAAGATGGGAGGG
AATATGAAAATATTTGATTTATCAATTACAATATTTTACGATATCTCGATATCATGTTTACGAACTACGATTCACTCATTTGATAATATTATGTAAAAAATGAAAAATTAATAATAATTTTCATGATTTATAAGATTTTCATATTTATAATAAAAAATAAAATTT,GGTGGAATAAATTTGTCATATTGAATTAAAAGTTTAGTTTGTTGAAGTGGAGTTAATTTGTAAACTCACTTTTCAATTCATTTAATATTGGTTGATTAAATGAGTAAGGGATTTATTTAATAGTGATTAATTAAATTTAATAAATTTCACCCAAAAATTGTTGAA
AATTAGTTAGTTAACTCTAATGAATCAAAATATGACAAGCATAAATAAACAAAATGAGTAAAAAAATAACAACAACGTACTCAATATAATTTTGTAAACCATAAATTTATTGTAATACAGATATCAAATATCGAATAAAAACCAAGAAAGAACAAGTTCTTCACA,AAGGAGTAAGAAAAATCAAAACTTTGAGTTTTTAATTTAATCAAATGGAAAAAAAAAAGAAAAAAGTAGGCCCCTCCCTCACTAAGTTAATTTGTGAAGTGAGAATTGATTTTTCTTTAACCATTCAACTTCAAACAAAATTTAAAAAATTAATCTCCTTTAATG
AATATTTTAGAACTTTAAATTAAATTACTCAAATTTTTTGTATTATCACATTAAGTTATTATAATAACGATATATAAGGTAATATTTTCAAACACATGACTAACATCTCATTAACCTAGTTTATGTTTTGTGGTCTCTTAGGATTTTAAGAAAGAGTCGATATGA,TTATTGGTTGAAATCAAAAAATAATTTTATAATATTGATTTTGGTTAAATAATTGAGTCCCAACTTAATCAACTCACGTGAATGAGGAGTAAAACAACAATCATAAAATTCCATCCTTGTTTGTTAGTGTTTAGGAGTTTGTCTTTCATAAATCAAAGAAGGGAG
AAGTTTTTCTCTATTTCTCTTACTTTTCCGTGTTGAGTAACATCAATAGTGACCGATAGCACTAGCAGCAGCATCTCTTATCATTCTTCCAGAAGTTTACCCGTTCTCTTATTCATGTTTCAGATATGCTATTATCAAGAACACACTGAGCTAGGCGGTCGTAGA,GGTAAGTTTTAATTTGAAAATTGATCCAACCATCTAAGAAGGTTATTGAAGGGGGGGAATTGGGTAAGGGGGTTTGGGGGGATGAAATTGAAATTGCTGTTGGTTTCCTAAGGTGATTAGGTAGATTTAATTGAGTAGGTGAGTAAAGTAATTAGAACTCTCCCC
TGTATAATTATAAATCTATAAGATGAGAATATTTATTTTTGTATTTATATATATATTTTTCTCTCGCTTTATACAAACACAAATGCATTTTATACATTATATATCGAAATGTATAAAATGACTAATTGTATACCGAAAATGGCTAATTATATACCAAATCAGATG,GGGGAATTCCCCCTTTTTTTAACTCTAGGAAATTATCATAAAATTTTTCACCAAACTTTGTGGGAGCATTTCTAGGTGATTAAATAGTTTGTTAATTGAAAGTAAGTTAATAAGAAATAAATTGATGAGGAGTTGAAAACCATCAACATTCAATTTAGTGGAATA
CCAATATGGATATCGAAATCGGAGATGGACCCCATAACTGTCTTATCAAAACCTCATCTTTTATCTTCTCTCACTGAAATTTCTTCATTGGTAGAAAAAAATTGGAAGAAAAAATGTCAGTTTTTTCTTCTTCTTCTTCTTCTTCTTCATCACTTCATTTCTTCA,TAAGGGAATTTACTTATAATTTAAGTTGTGAATGAGGAGAGTTTAAAGGAAGAAATTAATTGGAAATTGAATGTTTTATTCATTCACTTACTTCAAACCAACTTTCCCCCACTCCTTCCCCCCTCCAACCTTCCTTTTCACTTGTTTGGAAGGAGGAGGGTGTTA
CTGTAATACCTCTCTTCGTTCATCACTCCAAAGGAGTTACTCTTTTTCCCGTTCCGTTATGGCTTATCGCCCGAACTACCGAGGCGGTCGCCGCGGCGGCGGAGGACGCAGTGGCGGAGGCCGTGGTGGTGGTGGTCGTGGAGGAGGAGGAGGACGTGGTGGTGA,CCTTCCTTCATTGGTTAACTTTTTTTAGTGAAAGATGGTGGTTTTTTGAGTGGGTGAATTTAAAAATTTTTCCAAATTGGGGGGATCATTTTGATAATTTGAAACTAAACAATTCTTTGATTTGTGATGGTAATGTCCTAATCACTCCAATTAATGGGGGGGGGA
CATTATTAATGATGAATAGAAATGATACTATACGATAAAATAATAATCTCGGAATAAAATGGAGAATTATTTTATTTTGGGTTGTCACTTGTCTTATGCACACTTGGTTAACTCCGCCATTGCAAGCTTATATTAGATTACTCTGTTTTCCTCCGCCACAATCAA,GGTGGGTGTTTTTAATTGATGGTTGGGTTTTGTGAAGGATTAGAAAGTGGTAAATAAATTAACCAATTTTTCGTTCCTTGAGGAAAAATTGCCTTATGGATGAAATTAATTCCTTTTTCAATTTCCCCCTTTCTTTTGTGGTTCTCACCCTCAAAATAAATGAAG
GATAGACTTGGTAAAGTTATTATAAAGTTTTTATTCCATCTTTTTTTTTAATAATAAATTTCATATTTTGCCGTGTTTTTGACTTTTGAATATTTCTTACTATTCTCCAACTATTTAGTATATATAAACCACAACCAAATCCTCTAATTTCCAAAACCAAAATAC,CCAAAACTAATTAAAAAAATGATTAATTTTAATTAATATTTATTGTTTGGTAAAAAAGTTGATCCTTTCAAAGTATTTTCCTTTTTCCACCAGTTTCAATTTTTTTGAAAAATTCATTAAACCATCAAACGAACAATTAATTTACCACTTTAAAACCAAAAGTGG
AAATAATTAACCAAGTTAGTTTAGATGGCTACACATTTGATTAAAGTTTTTTTAATAAATACCCTTTGAAAAGTCTTCTGCTATTGCCTATTGGCGTGTTTTGACTTTGAAAAACTCAAATCTCCAACTCATATATATACCACAACCAAATACTCTAATTTTTCA,ATGAATTTTTCTCAATTATTTTTGAGGGACAATTAACTTTTGACCCCCTTTTTCTAAACACTTCTCTCATTAAAATTATTCAATCACTTGCTTAATGGTGTGGAGTTGGAAGAATTTAAATTTCGAAGTGAGGTAATTATTTTCTGGAGGGGAAGTCTTTGATTG
GTGTAAAGTGAGGAAGGCCAGGGAGAGATGACTGAGAGCGGCGAACGAGATTCCAGAGAAAGGAGAAAGAGGCAAATGACAAGAAATTTGCTGCGAATTGAAATCAAATGAAACTGTAGCTATAACATTTATTTTATATATTAATAAATTGTATGCAATGTTCAA,TGGGTGGTTTGAGTCGGAAGAATGAATGAAGAAGAAAAAAGGCCAGTGGAGGAGGAAAAAGGGGTGAAAAGTTGGGTGAAGTTAAATTGATTCTTAATTAAAGTTTAATGAATGGGGGAGAGTGAAGGTTGAATAGGGGTGTTTGGTAGGAATAAACAAACATCC
GTCCCAAAAATATGACGGAGGATATCTACATACTATATATTATATTCGGGGATATATATATATAATTATTATCTTTTTCCTCGAAAGAATACATCCCTCCCCCCACCTCAACCACCTCACCCCCACCCCCTCACCCCACCCCACCCCCACCTCACACACACTCAT,TCCAAGCAGTAACCGTTAAAGGGTCGAAGGCAAAATTAGATTTATCAACCTGAATCAACCAATCAACTTGAGTGTAGAGTGGTGAAGGAGAAGTTAGGTGAGTGGTTGATGAATTTTTGAAATTTTTCGGGGGGGTTGAACTTTTTTTTAATAGAAGGGGAGGAG
TATCTTAAGGACTTAAATCCGAAACCTCTTATTAAAAATGAATGAACACTTACCAATCCACCGTTCGATCACTTTGTATTACTTTCCCAACCAACCCTACCAAGTCCATCTTGAATATGACTTGATGAAAAACATGAAATCAAAAAAAATAAATAAAAAAAATTA,GATAAAAAATTAAATAAGTAAAAAGGTGAGGGTGAAAAGTGAATGGTGTAATAAGAAAAGTTTCCCCTTAGGTTGATGGGAGAATGTAAGAATGAGGGTGTGAGTTGGGGTAGGTAAGTAAATTCAAATAAAGTTATTAACATCAATTAGGGGGAAGAAATGAGG
CTTATCATAAAAAAATAAATAAAATCTGAATTGCCTATCCGTCTAATATTGAAAATGGATTGAATTAAAATAAATAAGTTATTAACTAATTTAAAATTAATTAAATTAAATTGAGACTAAAAAATAAATAAAAATTATATATATATATATATATATATTAATTTT,AATTAATAAAAAATCAAATTAAAATAGGATTTCAAAATGATAAATTTTTACCAAGAAAGAATGTAAAAAAAATTAGTATAAAATTATTTAATAAAATTAATTTAATTAGTTATTAAAAACAAAAAGGTAATAAAAGAAATATTATAGAATTAAATTGATTTATTG
TAGCCGGAGTTCGAGAAAAAACTCCCTTTTTCAGCTGATTCAGTTATTGGGTTTGGAAGGGATTGTGTGTTAGTTGCCGGAGTTCGAGAAAAAACTCCCTTTTTCAGCTGATTCAGTTATTGGTTTTGCCGGGGATTGCGTGTTAGTTGCCGGAGTTTGGGTGTA,GGAAAGTAATAATTTAATAAATCTCTTGCGAAGTTGGATGGGCTTTATTACATTAAAAAGTGGGTTAATAAGTTAGTTGGGAGGGGATTAAAAAATTTGTTTGTTGAATAAATTCATTCTTTTTCATTAATTTAATTACTTTTCAAAGAAAATAATTGGTTGAAA
AGCCATTACTGCAACTCTTCAGCTCTACAAAAGCTCTGAACAAACCTAAAAATGGCAGAAACCTCATACCCCCTACCCCCACCCCCACCCCACCCCCAAAGTCCTCTGGTCACATGACCCACCCCACCCTTCTCTCTCACACCTTTTAGCAGGCAAAAAAAGAAC,GAAAAAAAAATTAATCAATCATTATTAAGAAATTTTAATGGAGTTCCCAAAACTTGAGGAAGGGTTTAGTTGGGATTGCCAACCCAAGTGAATTAAGCAAAGCACCCAAAATGTTTTAACAACCTTCTTTTTTCCTTAATTATTAAACGAAATGAAGGTGGAGGA
ATAAGATTTTTTTAACTCGAAAAGTGTAAACCATAAAGATAAAATATTAGTTACAAATGGTTGATAATCAAGCCCTTCCCCTCCAACTCTTGCGTTTAACTCCACATTTTTTTTTGTGTGTGTTTGAATCCTACTTATCCATTACACATTCAATCCCATTAACAA,GGATAGTGTGTTAAAAAGGAAATTGAATTCAATTAATCAACAAACCTCCATTCCCAACTCCATCCCTCATGAATTTGTTAGGGTGAATTGAATTTGTGGGAGTTGTTTTATTCATTCCCACCCCTCCTAATTCCCCCCCATTTTGCATTCACCAACTGGGTTAGG
ATGCTAGCTACAACTCACTTTCTACAACTACTTTACACACCTCTCTCTATATATATATAGTCAATCATTTCCCATCTCCCCTCCCTTCTCATTTCTCCTACACAAACAACTTTTTTTTCTCTCCTCCCTCGACCATCACAACTATCACCACCACCATCACCGACA,CCTGAGTTGGTGAAATCTTTTAAGTTAATTAAATTTAATGGATCACTCAATGAATTCAAAGTTTTTGATTGAATTGTCACTCCCAATCCACTTTCTCCCCAACCCCAACCCTTTTTCCCCAATCCCTTTTTTCAATTCTAAATTATCAAAACAATAAGGGTGAAG
TAACACATTAACCCCCACCTTTGAAACTAGGCAGCAACACAAATACAGAAGAATCATCCTCCCTACAATTTTGATTCTTCTGTATTAGAACCAAAAAAAAAAAGTTCGTTCCAATCGAAATTTATTACTATTAAATCGAAAAAAGAAGAAGCAAAAACCCCATCA,TCGAAACATTTGCATAAACTACAAGAAGAGGAAATTAAATAAGAAGAGTAGGTTGATGAATTGATGAGTTGGTTAATTGTTTTGTTGGGGGTGGAGCCCCCCCCTTTTTGAAGGGATCATTTTGGGGTTGGAAGGAAGGGGGGGATTAAGTAAAAAAATTTGGTG
CTTCAGACTCCGCTCTGTATGACTACTTTGGTGCATTGTTGTATATGGTAAAGTTACCCTTTTTTGCTTGCGTTTCTATTTTCCTCAGACTCCACTTTGTGCGACTATGTTTGTCTATTGTTGTTTATAGTTTAAAAAAAAGATTGAAGTGATGATGGGGTGTAA,TAACTAAATAGGAATTTAATGTTTAATTTTTAAAGAAGTAGGATGATGGTAGTTAGTGGATGATTGGAGTGTTTTCAATTCCTAAGGGTTTTTTTTTTTCAACCTTTTGGGAGGTTTTCGTAATTTTGATTAAGTAAAAAATTTGGGAATCATTAAACCAGTTTG
AAATGTTATTTTCGATAGCTCGTTAAACCCTATTTGAAAGAAACTTTCAAAGATAACACACAAAGGAAAACATATCCAAGAAATGTCATCTCACTCACATCATCCCCTTATCCCTTTCCATCTTCCTCACCACTGATACAAATTCCCTCCCCCACGCCCACCCCA,CCAAAATATTCACCCCTCAAATTCAATCATCATTTCAAGAATAAATTTCCACACTAATTAAATCCCTAAAACTTCATCAATCACCTTTTAACCTTAGGCGATCTCCCCCACTTTCTTAAACCTCAATTCTTCAATTTTCCCTTCAACTAACACTCAAGTGAACAA
AAACAAAACATTAACATTTTCTCTTCCCTCCACATATATACAAAAACCAAAATTCCCTCCCTTCCCTCGTTTTCTCCTTTTTGCCTTTCACAGAGAAACCCTTACCCCCTACCCCCCCCTACCCCCTACCCCCTTTACCCCTACCCCACCCCCACCCCATCCCCT,ACAAAGGAGTTTAAATTTGTTGTCCCTCAAAAAAAAATATTAAACAACACCTCCCACTTCCCACTTTTTTAATTCCTTCTTACCACCCACCCTCAAACCAACTTTTTCGGTGGTTGGCTAACTCCCTTCACTTTTATGAAGTTGTTGGGAGGTGAGGGGTTGGAA
GTGTAAAAATATTTATTTTTATTCAATTAATAAATTTTATTATATTTTCTTAATTTGTTAAATTTTTTTTCTAATAAATACCTAATAAATTATTATAAATATTTTTCTATTTTCAAAATTCTCTCTAATTTTTATATATAAAGCCAACCCACTCAGCTTAAACAC,TAATTCAAATTTAATTTTTATTGTATTAAAAACTTCAATTATTTAAATTAAAAAATTTTAAACTCTTGGGAAGTGAATTAAGAACCAAATCCTCAATTAAACCTTTCAAAAATTGATCCAATTCCCTTGAGTTACTTTTGAGTAGGAGGAAGGGTGTGTGGAGGG
TCTCGCCTCCGCTCGTCTCTCTCCCAATATTTGGTCCTAACATACATGTATTTTAGTTCATTCACATGTATCCGAAAAGTGTTATTCCGACTCTCTCCCTATTTTAATGTAATCCGATAATAAATATATATATATTTAAATGTATTTGATATAAAATTATTAATG,TGGTTTGATTGATGTGAAATGAGATGATTTTTGGTGGGGGGGAAGTGTTGATGATGATTAAGAATTTATTTATAAAAAATAAATTTTAATTGAAGAAATTATTATTTGAAAAAAAAAAATAAAATATTTTATTTTAATAATTTTTTGTTCCCTAAATTGTTAGTG
ATTTATTTTTAGAAAAATTAATTTCGAAATTAGTTATCCGTTATATCTCGACCCATTTACCCCCACATGAACCATTTATATATATAACTTTCTCCTCACTTCTTCTTCCTCACTCTCTCAACAGCTTAAAAAAAAAATCTCTGCAACTTTTACTTTTTCCGGCAA,CCTAATCATTAAAAAAGTATATTTAAGAAATTAACTCATATTTAATCATTGGTAAATCATTAACTCAATTGATGGGGTGGTTTTCAATTCCCTCAATTCTTTCTTAGTCCCCCCACTCAAACAATTTTAAAAAAAAATTAATTCAATTCTTTTTCTTTAATGATA
TTTTTATTAATAAATAGGTCTTAGTCCAAATTTATTTATTTTTCAAAAAAATAAAAAATCCCAAAATGTTATGTTTTTTTTCAACTTTCTTCCCTCTTCACCAATTCTTCTCCTTTATCTCATCCTCTCTGCTAATTATTACTTTCTGTATGTGTTCTTGATTGA,TCCTTTCATCCACCTCACTCAACTTCAAAAATTAAAAATTTTTCCCAACAAAACCCCATCAACCATTATTCATTTATTGATTAAATTTTTTCCTTAATTAGAAGCTCAAATCCTTATCGAATTTCTCTGGATTTGTTGATTTTTTGAAGAATTTTAAGTGGAAGA
ATATTAACCGCTTCCACCATTTCTCTCACGGAACATGCTCATGTAAGGACTATTGGTGATTATTGACTGGCTGACCTAGTCAGGCAAGACTATTCATGTTCCGCAGCTGCTACAAGTCAATAGTGCTCAACTGAAGTTCTAAATGCAAGTCATGACATGTCAATA,CCACAACTTTTGGGGGTGAAATTTGTTCTGAAAGTCGGTGAATGGGAGTGGTTGGAAAAGTAGGGGGTTAAGAAGTGGTTTCTGAAGTTAATCATTTTTTTCATTTATTCCAACCTTGAGGTTTGTTTAATTTAAGTTGAGTGAATAGTAAGAAAGTGGGTGGAA
AAAGTTCTTTTCTTCCCTGAGACCTCTAGGTTAAGGATGACGGAGTACTTTCCACTCCACGATCATTATCGATGATAAATTTGATTTTTGATGATTTTGGGTTGATCCGAATGCATGACCCGATTTGAAACGTGACCCATCACTTCCGGCCCGAATCCGACGAAC,GGGGGGGGTTTTTGCTTCAATGAATTGAATTAAGGAATTTTGTGGGATGATGAAGTTAATTAGTTGAATTAATTAAAATTTTTTCACTTGGGCCGTTACTTTTTTTTAAAACCCCTTACCCCTTCATCCCGGTGATTTTGGTTTTTGAGCAAAGAGTGTGTGGAA
TGAAACATCACTAGCACGTAGAAAGAGAAAAAAAAGGATAAATATAGCCTGAACTAATGTAAATGATATGCAGATATCTTTCGTCAAACTTTAAAGACATGTCGTCTAAAAATTAGAGTATATATATATCCTTTATAATAACATAAATACACGTGTGATAATTTT,TGGAAGGGTGTGAGGGAGTGGGTTGTTAAAAAAAAAAATAAATTAAAAGAAAAAGGAAATGAATCATTCTAATCCCTTCACTTAATCACTTATCAAAAACAAAGTTTAAGAATTCTTAAGCTTTTTTAATCTTTCCAATTATTTGAAGGGGGGAAGTTTTTGGGA
CATTTTTCTTTTTAAAAATATTTTTCTAAAAAACGGAGCTAAAAAAAAATACCTTTTGTGGAAATCATTTTTGTAAAACTTTGTTTTACGAGTATAAAAAAATATCAAAACCAATTCATTTTTTTAAAACAATTATTTATTAACTCAGTCTATTTTAACTCGTTC,TCATTTCACTTTCTTCAACTATTTTATCAAATCATTAATGAGGAAGAAAAAATTGGGGTTCAAAACCTTTAATTAAGGGAGTTGATTGGAATTAAAAATGAAACTCCAAAATAGTTTGGAATTCTAAAAAACATTATTCATTGAATGAAGAGGAAGAAGGGGGAG
ATTGAACCCCTTATTGAAAATTCTGGCTCTGCCACTGGTGCGCACTAGGGAGTGCTTCACCCTTAAATACGAGGTCTCGGGTATGGAAAAAAATTATCAGTTTAGTCATTTGATCAATTAGTCCTCTCACATTATTTTCTCTGTTGTACAGTTCATTTGGCAAGA,GAGTGGGCTTTAGTTGTGAAATTCATTCAACAAATTCTTAGGGGGCAAAGTAAGGCCAACTCACTCAATCAACCAATCTTTCCAATCAAAAAATTGTAATCTTTTTCCTCAACCAATTAATTAATATTAAGGGAATTTGATTAAGTCATGAGCTCCTGTTTGAGA
TTCAATATGATTTCAAATTTAATCTACTCCAATATAAATATCGAATTCTTGTTTAAATAGTCATTCAAATTCAATTCAATTTAATATATATAAATATCGAACTCGAATCAAAAAATCGAAAAAAAGTTGGAAGTATAAAATAGAACTTTCCTCACAAAAGACCCA,GGGGAGCATTTGATTAAATTAGTTGGTTAAGAAATGAATGTAATAATTTTTTAAAAAAGTTAGTTTAATTGATTATTTATTAATACTTTAATACTTTTATATATGTTTAATCCAAACCCAAAAAAGTGTAGTAGTTTAAATTTGGGTTTAAATTGAAGAAGATGG
CACAAGATTAAGGATATTTTGGTACATTCGACAAAACATTAATCTAGAACCACAAGATTAAAAAAGTTCTTTCTTTTCTTAAAATTCGTTCCTAATCAAATTAGGTCATTCTTTTTTAAACGAAGGAAGTATAATTTTTCGACGAGGAATGTTCGACAGACACAA,ACCAAATATTTATATTTTGAATTAATTTAAAAAAAGTGTAAATTGATGAAGTTGGAAGAAACCAAATGGCAATTCATCAAAAAAGGTATTAGGGGAATAATTCGTTTTCAACCTTATCAACCCCCCCTTCCTTCATTTTTTTTGAATCAATTAAGAAGTGTGAAA
ATGTGTTTGGCCAATGGATTTGGCCAAATTTTAGAGAAAAAAGAAGTGTTTTTAAGTAGCAGAACTGCTTTCTAAGAGTTTTGTTTTTTGAAGTAAGTTGAGGTGTTTGGCCAAACTTCTGGTAAGCCAAAAAGTGTTTCTGAGTAGCAACATAAGCTGTTTTTT,ATTAATCATTAAATTCAACTTTTGAAATTATAAAATAAATCATAATTCAAGGAGAATAAATGAGTGAATTGATGGGGGAGGATAGTTTAAAATGGGTTGGGTAGTTCATCAAGTCAGCCAAATTGTTAAAAAAAGTTAAGTTAAAGTAAGATGGCCCAATTTTGA
CCCACAAAATTCTCCCTTTTACAACTACTACCACCTATCACCACCTTTGACAAAATAATTATAAAAAATATTAACAAAAAAAATGGAGAAAACTACTAAAAAAAAATCCTTTATTATGTAAAAGTTCTTTGAGGTAAGGGAAAAAAAAAGGTTTGGAATGAGAAA,AAAAAAAAAAATTAATTTTTTTATTAATAGGAAGGGTTGTTAATTTTTAATCAAAAAATTTGAATGAATTTTTAGAAGGAAATTGAGGTAAATTGTTAAAGAAAATTAGTTTGATGACAAAAATGATGGTTGAATTAACAAAAAAAAATTCTTGGGGGAGGATTG
ATAAATTTTAAATAGAAGTGTAGAACTTTAATATTATCGCACTAAACCTCACATAAAAGTTAAATTTTTACGATAAAGTCAATACTTGTGAAAGTTCATTTAATGCAACTAAAATTGTAACTATGGCTATGCCATAAATACATCCTAAAATTGGCTATTTATGCA,AAGAGTTTTGAAGTTAGAATATATGATGTGAGAGGTTAATTAATTGATTAAAAGAAAAAGTTGGGGGTCAGGTAAATGGGGAGGAGTAAAAGGGGATTTGTAGAATAAAAAAATTATCAAATTATACTAGATTAAAGTGTTCAACCAAAAATAAAAATTTTGTGG
CACTGAAAATACGTAAAATTGACTCAAGTCTCAACTACTTTTGTCTGAACTTCAAGTAAAAATGCGCGGAGACGGGAGATGTGTTCCGACCCGAATTCATACCCGACCCGGCAACACACATCGGGTAACAGTTACAGGTTGTTACAATACTTATCACATGTAGCG,CGTTTTGATTATTTTTCAATATATTATTTTTTGAAAAGAATGGAGGAGGGGGGGAAAAAAAGGGAATTGGGTGAGGGAAGGGGATGAATGGAATAATTTGATTGGTGATTAAATCTTTCTTCTGTGAAAGTTAATGATGAGTTTTGAAGATTGGGGGGGTTGGGG
ATATTAGTCTCACGTGACTTGTCAAGTCACTAAAAATTTGAGGTTAACTCTTGAGGATATTTCTGATCTAAGATAACGGCGGAGTATTTTAGATACCAAAATATAATAAAACATATAAATAATTTATTTCCTATAGTTTACGAACAATTTTGATCATTTTCGATT,GGGGGGGTTCAAAACTTTTGAAATGGGAAAAAAGAGTTTGGGTTGAGGGGTGTGAGGGAATGGGAGTTATTAAATTTCATCAGTGTTATAGTTGGTAAGAATTATTGAGTAATTCAACTAAATTGATTGTTAAAAGTGGGTGGAGGATTATGAGTTCTTTTAGTA
TGATTTATTGATTGATTCGACTATTGCACACTCCTACCGGATATGAAATTTTAAAAATTAAAAATAAATATTTTTTTTTTTACCAAAGAATCCTATACTCAACACAAACTCTTGTGCATGTCAGACCAAAAATAAAAATAAAAAATAATAATAATAAAGAAACAG,GGTGAGTTCATCGATTAAGTGGTGGGTTGAAAATAGGGGTGAATTAGGGTAATAAATCAATTATAAATTATTAATTGAGTTTGAAAACTGTATTAATGAATTCAACCCAATTCGCCCAAATTGAAGGAAAAATGAATTTGTTAAAAAAGGTGAATGAATTGAAGG
TATTAAAATATTCTTTGATTTTATAAAATTAGATATATCATGCAATGTAAAAATTGACAAAATAAAAGAAAAATACTCATTTTAAAAATAAAATTATTATTATTTAGTTAAAAGTTTTTTAACTTAAATGAGCTATGAATTTAATATCATATATATTATCCATAA,AATGGGATTTAAATTGGATGAATTAAGGGAAGTAAGTATGTTGAATTAAATTGTGGTGAAATTTTAAAAAAAAAATTATTATTAAAATTAAAAATTTTTTTGAGTTAAAAAAAAGTGTTGAAAGGGTGGGTGGAGGTGATTTCATTCGGGGATAAATTTAGTTGG
GCCTCTCTTCACACACTTAGCAGCAGTAGCGGTTACCTCATCTTCTCTTTCTCCCCTCTTCACAAACCCTGCAAATTCATTCATTCACAGCACAAATTTTTCATCTGATTTATATATATATATATATATATATATATACATATTTATGTATATGTATACATTGTA,GGAGTGATTTTGAAATTGTGGGTTTGGTTTAATTAATTTTTTTACAATTTCATCAATTTCTAACCAATTGTGAAAGGTTTAAGAATTCCAACAAAAAATTGTTTTGGAGTTTTTGATTGATTCATTTTCACTTTTTTTATTTTTGGAATTAAATTTGTTGGGTGA
GAACGATACTTGTGTATTATCTCTATTTAAAATAAATTTTTATTTTTACTTATCACATTTTTAATTAATCGCGAAATAACTTGTTACGTATTTGTATTGTGTCCTTATGTACTTGTATTTTTTGTTTAAATTGATTTCAAAAAAGAAAATCTATCTGTCAAAATC,GGATAGTATTTATTTAGTTAATTTGTTTTAAATTAAATAATCAATTCTTCCAACCCCTTTCTTAGTATTTGATTGATTGGGTTTGTTTTAATTAATTTTTTGGGTTCCCAGTTTGTGTGGTTTTGTTAATTAATAGTAAAAGAAAAAAAAATTTAGATATAATGA
CTAAACTTTACATTGTACAAGCAATGGTATTTACTATAAAGCTGGAGCTAGGCCTGTAACAGTGTTCTCTCTCTCCTTCAATACGTAGACCACTGTGGGTGAGTGGCCTGTTGTTGGGTTGCTTGCATTGAGGCAAGGTGCTTCAGTGTGTTAGTCTTGTTACTA,GCCAATTTCAATTATTTTAAAGGGTGGGAGGATGATCATTTATTAAGTGGTCAGTTGAAAAAGTCCCATTCACTTCAATCAATTAATGTGAAATTTTTGATATTTAATCCCCTTGATGGAGGAGCGAACTTTTGATGATGATTTTGAAGGGAAAATTTGTTTGAA
ATATGCTTTAGTTTTTGGACGACAGAGATATTAATGTCTCAAAAGTATGACGAAACATATTTGCATACCATTTATTATAGTTCAAGGTATATTTATTATTTACTTATATTATAATACGATACATTATGAAACAATTCCGGTGATGATTATCCGAACACAAGTGTA,GTGAATTTTTGAATTTTTAAGTTGGGGGAGGAAGTGGAATGAAGGAAGAAGTAAGGAAAATGGGAGGAAAAATTTTTAATTAAGAGTGGAATTAATTTGATTTTTTAACAAAATTATTCAATTTTCTTAATTAAATTAATTAGGGGGGTGAATGGAATGGTGGAG
TTTCGTTATCATAAATAGGTGCTCTTTACATGTAATTGTTCGTCGATAATAACGATAATATTTTTACATGTTATCAAAAAAAAAAAAGACTATAATTTTATAAACAAATACTGTTATAAAAACTATTCAATATATATTCTTTTTAATACATAATAATAATAAATA,CCTAGTTATTAATGGAAGCTAATTTAGTGTTAAAGAATTTGTTCAATTGAATCCCAAATTTTTTTAAACCTTTAATACAAAAAAAAATCAGGTAAATCCAACCACCAAATTAATTTGTAAATGATTGAATGGAATTATGATGGGATGGTGGGTGAGTTTAGGATG
TTAAATATTTTAAATATTATCAATTATTACGAAATATAATACTTTTTTATGGTATTTCCAAATATATAAATCTTAAAATCTCTCATATTTTGGATTGTATCAAAAAAATGGAACCCCATCACAACTCACCACCGTCCATCGGCTTCCACCACCACCATCACGACG,TAGAAGGTGTTGGATGAAAAAAATTTATATGAATACTAATTTTTTTTTGATTTTGTTGAAAATTTAAAAAAAAATTAATTCATCCCCATTTTAATCCTCTTCACAAAACAAATTAATTCAAAACAGTAAGATTAGAATTTTTCATTTAATAAATTATTTATGGGA
GTAAAAGATATTAAAGCATAATTTTTTTTATTAAATTTTCCAAAAAAGGCATATATACCAAAGCCTAATAAAATCAAGAAAACAGGGTTTTTCTCTTCCCCCTTTCATCTTCTGCTAAAACCTCTCATCTTCCTTTTCAAGAACAAACCTTTACACCCCCCCCCC,AATAACTATATAAAAGAATTGGGTTGGTTTAAAGAATTGATGAAGCATTGAATGAAAATAATTTGTTATGAAAAAGGGAGGGGTGATTGATTGGTTGATTGATTTGATTTGGTTAAACTCAATCCCCTCCTCATTTCCCCTCCATTCAACACCAAGGTTTTAGGA
AAGAAGAACCAACGAATTATGCAATTACTACTTTGTATATATATGTATAGCGAAATAAGCATAGCTTTCAGTTATATATATATACATTTGCTGGGGAGCGCAATTATGCAAACTTTATTATAACATGTAAATTTGTATTTTGTATTTGCTACATGTGAAAGTTGT,GGAGCAAACAAAAGGTTATGATTAAATGAAAGGGAGGGGAAGTGAGTGGATGAAAGGGAGGATAAGTAAAAGATTTTTTTCCCCCTTCTACCTTAACAAAAAAATTTAAAAAATTTTCTAATAAATGAAGTTTAGTTGGATTGGTTCTATCAAATAAAAGTTAAG
CCAAACAAACATAATATATTTAAAAAATAATTATAATTCAAATATATTGCATACATAATTTATTTTTAATACACATCACACATTTATCACAATATTGCTATAATTATCGCTAAAATCAATAATTATTTTTTGAAATGTATTAATTTATGTAATTTTTTTCAAAAT,AGGGAATTAAATTTTTTTTTTAAAGAAATTGTTGAACCAAAAATGATTAGTGTAATGATTGTTATTCTTAAATTAAAAATCATTTAAGAGAAATTTCAATGAATTTTGGATAAAATATAAAATAATTTTTAAACACCCCTTTTATTTTATTTGATTTTTTTTGTG
CATAAAAATAATTATTAATTTTTATATTAAGTAACGCGAAATATTTTATATATTCAGATGTTTTCGATAAATTAATAATTTGAGAGAAAAATGATTTTTATTTTTATTTTTGAGAAAATTATTTAAGAAAATATTTGTGTAAAACCCCAAATGCTACTACTACTG,CATGGAAGCAAATAGGTTAATTTAAGTGAAATTAAGGATTCTTTTGGTTTAACCACAACTTCCTTCAAAAATTAATGATTTTTGGTTAAAATATGATTGGTTTTTTTAGTTAACAAAGGGGGGTGGCTAAACTTAATTAATCAATTACTAAGTGATTAGTGGTTG
ATTAAAAAAAAGTGACATCCAAGGAAGGTTTTATCCTCTTGAAGTACAATCTGGACTCATGTTAACCTCAAATTGATGATTTCAATATTTTAGGAACTTTGTGGAAAAAAAAATAAAAAAAAATAAAAAATATATATATATATACTTAAAATAAAACAGGCAGTA,TAGGTCAATTAATTTAAATTAATTGAAGATTTTTATTATTTGATGATTAATGGATGGAAAAGTGAGGGTAAAAATGAGCCTAAAAGTTTATTCCAAATTTTTGAATTAAAAAATTAAAAAATACATCAAAATCAGTTTCTTTCTTGAGAGTGAAGACCTATTTTG
GATAATTAATTTGTTGAGATAAACATAAGCTTATTTACACACCACTAAAATTAAAATGACAACTAACTAATTAAAATTCATTTCTAGAAGTTGTAAAATATTTTTAAAAAAATTATTTTTATGTGAAAAAAAAAGTTTTTTTTTTTCAAAAGTAGAGATTAGAAA,GATGGGGACTTTTATCAAAAAGTAATAGGTGGTTGATTAATTTTGTTAAAAAAAGTAAAAAATGAGTGGAGCAAGTTTGAGGTGATTGAATTAAAAAACTTTCATTAAAAAATTCATTTAAATTCACCAACAAACAATTTTATATTGAAAATTGATGAGTTTTGA
CTAAAGATAATTATAATCTAAACTAATACATAAAATTGCTCTTTAATTTGATTTCAATACGAATCAACATTTTCAACTTCGAATGCGTATAAATAAATATCAAAATTTATATAAAATGAAAGAAACAAATACATATATTTAACGTAACATCTAACATGACAATTG,TAAAATGATTATATTAATTAATAATTGATTCCACAATCAATTAAAATTACCATAAAAATTTAAGGCAAAATTTAGGTTTGAAGATTGATCAAATAAAAAAAAAAATTTAAAGGAAGTGAAAAAGGTTATGGGGCAAAGTTTTTTTTTGATTGGAATTAATTGGGG
AAAATGCCAAATTTTTTCGTGGACGTCCGTCAAGACCTTTTCTATGCGTATATCCGTTAATATAAAAAAAAATTATGCTCTAATTTTTGCAAGAAAAAGACATCAATATCTCAAAAATATAACGAAAGGTAATTCGAAGTTATATTTGTTATTTCTCTCTTTTAT,AGGAAGTGAAAATTTGGAAAATTTTTTAAAAAAAAAATTATAAATTTAATTGGGGGGGGGTTTGGAAGGAATGGGTTGGAGGAGTTTGTATGAGGGAGTAAGGAGGGAAGAGGAAATTAAAAATAGTAAGGAGAAAAAATTTTTTAAGAATTTTTCAACTTATTG
