orig_sequence,generated_sequence
AAATTGTAACAAATAATACAAAATATTTGTGAATACTAATGATTTCCAAATGGGATACCTTTTTGTTGTAAATAAGTGGAAAGGCAAAGTAGATAAATTCGCCTTTCCTAAGTATCCTTTTGGTCACAATTTCCAAGAGAAAAGAACAGAAAAGAAAAGAGAGAA,TTGGATGGCTAAGAAATTCAATGGGATTGGTAATTTATCCGTCATTATCCACGCAAGAATGGTTAATTAAAGGGGTTTCACACCTCCTCTAAAAAATTTTTATTGTGCATGCCTCATCATCAAAAATTACTTCATTTTAACGTCGGATTCAAGGACTTATGTAAG
TATTTAATTTAGATTGATAAAATTATTTATGCTCTAAATATTGGTGTTAAACTTAAATTCGGTCAAAAATTACATGTCTACAAATGCTATACATTGAAATTCAAATTCTAATACAATAACTTGAAAATATTACTATATAAAATGCTATATACCTAATTTATACTT,GCGATGTGTCAATTCATCAGTAATAACATCAATAATTTATGAATTTGGGGGATGAAAGTGCGAGGAGTGGCTTCGGTTCTTCAAAAAATGTAGATGAAAATTTAATTGGTTCAATTAAAAATTTAAGTGATATGTGGAAAAGTAGCAAATGACAGCCTAATGTCC
AATCCATAGGCACCACTTAATTAGCTAAAGTTGGGGAACAAATTGACATTATATTAGTTTGAGGAGGGTAATCGATTTAAAAGCAAGGATCAGCAATTCCGTATTAAGAACATACTAATGCTTTCTACAAATCAGCATATTACAGAGAAACCAATAATAGAGATA,ATTAATCCGTTGACCTATTTAGTTGGGGGGGTGCAGAAAAATTTAGGTTTATTAGATTTTTAATACTTAACTCTTTGATTAACGAATGTGGTGTTATTAAAACTTTAAGTCGTGGGTTGGTGCTGGGAGAAACCTCTGCGCTCTATGAATATAAGCGTATTGAGG
ATTTTTTTTTCCTTTCCCCGATTTTCGTACACATTTCGAACGTCAAAATTTGTACTTTGCCGTCCTCATATCTCCCAGCAACATAAACACATTTTTAGTTTTATTAGAAAACCTCTCTCCTCTCTTCTCCTCTTTTCCATCTTTACGGCTTCGCTTTCTTCTGAT,TGATTGGTTAGAACTTCAGTTTTTTTTGTGGGCGTTCTCTTGTTAAACCTGTTTATTGGATTGAATGAACTCAGGCTCCATCTAAGCCCACAATTCATTAAACGAGGAAAAATGCATGATGTGTTTTTACACCAGCTCACCTTATGAATGATTGTGTGTTGGTGC
ATTACAATTTATAGTACTTTTTCTATAGTTTTTGAATATTAAATTTTTTTTATTTAAGATATCAAATTAATTTAATCTAATTTAATTTTAAAAATTAATAAAATTGACTTTAAAAAAATGCAATCAAACCAAAAGAGTAATTAGAAATACCAAGTAAAATAACTC,TGATACAAGGTTATACAAAATTGAGTTACGAATTAATAATGCACTTTATTTTCAAAGATCGGAAAGGAAAATTAAATGTTTATTTTGTTATATTACAATAGCAAATTAATTGACCCAAACCGCCTCAAGTAAACTTTCCACCAAACCGTTAATTAGAGCTGAATG
AGAATATTTACTCTTCATTTTCTTGGTCCTCAAACTAGAAATTGAAGTAAAAATTTTTATTAATCGAGAAAAAGATACTAGATCTTTCAAATCTCATAGTTATAATACAGATTGCTTTATTAATTTATATTTACTTGAATTAAGTTTTGGTATTTTGTTTTATTA,AAAATTTGTTATTCTTATTGTAAGAGTTGAGGCAATTAATTATGAAACTGAGCCTCCTTGCAAAACCAAAAAGGACTCTTTTTCCGGCCGGAAAATTAAATGAGAATAAATATTCGTTGGGGGTTGTTTCTTAAGGTGACGTGGTGAGGATGTGTGGGTGAGATG
TAATTAAGAACAGAAGAACTAAGAGAAAATATTTTCAAAAATGCCATTGCTGAGTCGATGAATACGTGTCTGCTTCGTTGTTATATAGTAAGAGGATATATTTTTATTGGACTTGCATTTATAATGCTAATATAATTATAGATAGTAGTGTAGTAGAAAGTAGCA,TAAGTGTATGCGATTAAGTTAAGTTGAATAAGTTTAAAATTAGTTGTTTAATGGGATGGGGTGGTGAATTGAACGTCTGTAAAAGGGGTGAAAGCTTTTTCTTTTGGGTGGGATGGAGGGGGAGTTTTTGGATATATTGCTTCGTCAACTGCTCTTATATTAGTT
CTTCACTTTGACATTCAGAGCACTGTGCAGAAATCACATTGCGTAAACATCCGTTGGGACCATCGCAATGCTTTGTTTAAATTAAACAGTCGGATTCCCCTTGTTCGTACCAGTTCTGAGTTGGTTGTTCGACGCCCGAGGAAGGCCCCTGAAGGAACCGCTCCA,ACGACCTCTCCATTTACTTAATTATGTGGAATAGAGGCTGAATTAAATCTTTGCGAATTGAGGAAATGAATTGTTAAGTGGACCAAATTCTCTTACATAATTAAGTCAAAAATCCACGAGAAAGAAATCTCATCATGTAACCTCAGTCCATTATGAATTTTAGGG
AACAGTAATTCCTCATCTCACCAATAACACGACCCCAAAAGTGGGGATGAAAAGTGTGAGAATACAAAGTTGAGTGCCAAATGTGAAAGAAAGGCAAAAGTATAGAGGGGGAAAACAATAATAAAGGAGTAGGAACAGAGCAACGACGTCGTAGAATATCTTTTG,CATTTCCATTTAAAAATAAAACAAGAAAAATAACAATTAAGAGGAGAGACAGGGTGCTTACATTATCATTTGAATATGAGATTAAAGATGAAAGGTCAACAATTGGTAAGAGTACAACCAGGTGCATACATCAATGTTAATTCATTGACTATGAGTCCTATTTTA
CCCGTAAAGAAAAAAACCCAAATCATTAAGAATTGATAACCCGATAATAATAAAAATATTATTAAAACCGCTAAATTAATAACCCAATACTGATAAATTAATAACTTTTTTTCGATTCAAGTTATCAATTTCTATTCGATTTAGAACAATCCTAGGTAAATCATG,CCTCAAGCATTAAATTCATCCATTAAAAGAAATTAATTTGATTTATGATCTTAATGAAGGCAATGAATTTACAAAAGTAAAAGAGCTAAGGTTATAATTTAGTATTATGTTAAACCTCCACTATTCAACCCACTGCCGGATTCAAAAGGTGGCCTTTTGGGGACG
AAATTGATTTTCATAAATTAAAAAGAAATACTGTAAAAATTTTATGTATAAATGAATATTTAATGTAATTTTCCTTTTTTCAATTAAAAGTCCTTGAGCCCTATTCGCAAGAGAGTTGCAGACAATTTATATTCTTGCTGCTGATTCTGCTCTCAAAGGCATCAA,ACTAATGGAGTTAGCTGCGTAACCAAAAAATTCAATAAATTGCGGGTAACCGTATCAATCAATCAATAGGAAGAGGTAAGTGAGGAAATTTTAGGTAAGGAAATTTTCACATTTCTTGGAAACAGCTTCAAATAATTCCCTCTATCTGGATTTTAAAGCGAGGAA
GTAAATATACAAATTATAACTAAAGTGACTTTACAAGTGTGTTGGGCTTTCCTCGTTTAGCTTCTAGATCACGGCCCAAATATGGGGGTTTAACCACCAAGTACAGCAAAAGGAAGGGTTCTGCATTTTCTTCCAGAAACCATTTTCTTGCTTGTTCAATCAAAA,ATAATCGGTAAGATTGAAAAAGTGATTGTGTGGGTGAGGGGGTAAGCGTTCCTAGTTAAGTAGTTACTTGTGTTAGGCGCCGGGCCAGTTGGTTGGTTAAATTGACGAAAATAATTTTTAAGCCATCTCCCAACCAAAGATTGTTTGATGATCTTTGACGTGTAA
GCTTTTATTTGAAATTGTATTGATATTGTGCATCGTTTAATTGAGCTGTGGAAACAACCTATAGCAGAAATGTTATAGCGGGAGTTTAGTGCATCAGTATGATCTTTTTTTTAGAAAAATTGTTATTGTGCTCTATTATGTTCGAATTGGTCTATTTTCAGATTT,TTTTTTAATTATTTCAGAGAATTTGAAAAACAGAAATCAGTTAGGGGTTGAAAAAAAACTTATGGGGTGTGTTGAAATGAGGGGATTGTGTAGGGGGGGGTTGATTTATGTGTTCCCAAAAATACGCTGCTCTCTTAGTCACTCGCCAAGTAAACCGCTTTTTTG
CGAGCGGGCAGTGTGTACGTGGAGGAAGACAAGCCATGTAAACGAAAGATGAAAATTCGTTGATTCAAATTCAAATTCAAATTTATATTTGCAATCTGTAGACACCTATATTTTCATTTCACTTTTTCTCTCTCTTACATTTGGTTTGATTTTTGCTGATCCAAA,TAAATTGGTTACTCAAAATGTCACTCAATATTAGTGAAGAAGTGAGAGAGCGAACATAGAATTGGGAAGCTCACCATCAATCATTGAAGCGATGGATCTCACTTTGTTCTCATTAATTGAATCTTTGTCTTTTTGAGGGGGTTGGGGAATTGTAGGGGTTTTTCA
CAAATTTTGATTTTGCAGTGTCTGTAACTTCAATTCTCATCATGTTTATTGTCAAGGTAGACACGTTTTTTTCATTTCACTTTTTCTCTCTCTTACATTTGGTTTGATTTTTGCTGATCCAAATGCAGACATTGAGAGCTTCGGTATTTGGGCTTTATGGATATA,GGGAGGTGAGTTCAAAAATTGTTGTTGGTCAAGTAGCTTACATGAATTTAAGGAATAATTAAACGAGTTGGGTTTTTGTTGTTCCCTATTTTTCAGAATTAACATTGATTTGGTTGGGGGATCATTAGTGGGCTTACTAAGATTTGCGAATAAAATGGAATGGAT
GGACTGCTCGAGCTGCTCCCGCGGCGAGAGCGTGTCGCCGCGTGCCGGACGAGGGAAGGACATGGAGCGGTTCCTTCAGGGGCCTTCCTCGGGCGTCGAACAACCAACTCAGAAATAGTACGGACAAGGGGAATCCAACTGTTTAATTTAAAAAAAGCATTGCGA,CGTTTTAGTTAAACAATTAATATTAATGAAAGAAATGATTGGGATGGGGAGGCTAATAAAAGGTGGGTTTGAAGGTTGGGGGGGCATCGTGGTGGATCGAATTGGCAGTATAAAAATTGATTCTTTAATTGATGAACCTTGATCAAAAATAAGAGGAATGGGAAG
CTGGTATTATTTGTCATGATTTTCATTTTTAAAATCAAACTATAAAAACTTTTACTAACTTTTAATATGCAAAAGATTGTAATTTATAGTACTTTACTATAGTTTTAAAATATTGAATTTTTTTTATTTAAAATATAATATCGAATTAATACGATGTAATTTAAG,GCTTCGTCTTAATTTAAATGAGCTGAGTGCAAAAATAAGTTTTGAAGAGATGTGAGGTGGGATTCATTGTTATGATAGAAAGTCTTTTGACGTTAAGGAGATTACGGAATCTTCGAAAGAGGGATGGTACGACGTTGTGCTTCCAAATTAACCAAGTGAGCGGTG
TGGCCAATTGTGTGAATCAACGGTTCCTCTCGTACTAGATTGAATTACTATTGCGACACTATCATTAGTAAGGTAAAACTCACATGTCTCACGACGGTCTAAACCCAACTCACGTTCCCTATTGGTGAGTGAACAATCCAACACTTGGTGAATTCTGCTTCACAA,TATAGGAATTTGCTATTAAGGGGGTTCCTCCCCAATATTTTCAGGGAGGCTGAGCTAATTGCAACAAAGGGGGTTGATAGATTGGTTAGGTAATTTCATGCGGTATCAATTATTTTTTAATTTAACGATTTCAAATTTAGTGAATTAAAAATGATCATTAGTTTA
CTATTTACTCGGCAATTCATCCGGTGACTTCACGGTCGCCAAAGAAGCCCCAAGAAGCATCAAACATTTCCGATGAGATCCATGGAGCAATTCTTAGATAGCAAGCACTAGCTCCCGGTGCGACTTCATAAAAAGCAATCAAAGAGAAGATCGAAGAGAATGAAA,CCAAAGGGTTTGAAAGACTTACCATCAGTTTAATTGAGAGAAAAAACCATTCATGATCTCAAAAACTTTCACGGGGGAATTGAGGGTAGGTTATTTCTTGTAAAAGAAAAATTTTGTGGAAACTTAGTTGTAATTATTACCAATGAAAAGAGTGAAGGGGTGGAA
TTGCTCAGTGTGCCCCCCTTTCTTCGAGTGCCCCGCCCGGTTCACTGGGCTGTTGGCTTACCAAGCACTTGCCCGCTGCTCCCGCCGCCCGCTTGGCGGGCGGAGCGCTCGTTATCCTGACTTTTCTCTCTGCTGGGGCCCTCCCATTGCTATAGCCATAAGCTA,TGCCGAGATTTTCCTCCCGTTTTACCTCACTGGGTTATTACGCCTTCGTCACTCCGACCCTCGAAACCCCACTCTGTCTCCCTCAACCAATTTACTTGCCGCCAAGCGTTATAAGTTAATTTCCTTTTTATTTGTGTGAGTGCGGTGGCATCATTTAATAGATGA
AATACAGAAATAAGAAAGAGATTATTCCCTTAGAGCTTGTCCAATACCACCAGTACCAGAAATGCATCTCCTTCGCCCGCGCGAGAGACTTCTATGCCAGCCGGGAATAACGGCTCTGTTATGAAAGAAAGCGGCAGACAGACTAATTTGGCCGGTATTCCCTAA,TGGGGAGTTTACAACACATGAGCCTTGTTTTAAGCCTCCAAGTAATCTGATTGACTGATTATCTGATTGGGTGAAAAGGTAAGGGAAGAGGGAGTTTGCCAGGCCCCCAGTCCTGCAACGTCAAGCCCAATGATGATGGATTTAATTAGTTTCATGGTAGTTGAA
CCTAGTGATTTACAAGCACCCTCACTGCACACTTTCTATATATCTGTCTCCATCCAATCAAAGACGTCCATGCCATAGAGAATCAGGCTCGGCAAAAACGAGACTAGGGACCATGCTCCCCGCTTTCTTCCTGTGGTTACTATTAGAACACAAGCCAAGGAACTC,AGTGGTTTTTTGATCTAATAGCGTTAAAAAAGCTTTAACTCAAACTCTGTAACCCCATCCAAAATAGGTGGTTAACAGGAACTCTAAGTTATTCCAAGTCAAAGCTTAAGAAGTGATTCAAACTTCTCACTAAATTGAGCGCTTGAGGTCATGGTCAAATCATTC
AAGGCTTCAAACTACTAGTCATTAAGACTACTATGAATGAAAGGTAAGGAAGTCCTTTTCTTGACTTAGCCTGCGTGCATTATACCTAACCTTTTCACTTGATTTCAATCTCAACAAAGAAATGAAAGCATAACTCTTTGCTCGCTTGCAGCGCCTCTTAGTCTT,CCGAAGTAAAAATTGGGTAATTTAGAAGAAATGATTTCATGCGTCAATGATTAATGAATTCCCGGTGTTAATGGTGAGTACCGCGTTGTACTTTATTATTTGTATACCATTTTTTGTGGGATGGTACGAATCAGATTGCGCTTCCCTCGAATTTGAGGGGTTGAC
TTCAGCTGGCTTCGCCCTATCTATTCATCTATTTTCTCAAATGGATATTTAGGGATCTCTCTTGTTCATAGATCTTGAAACCAGATCAATATCCATTTCTCAATAGATCTATTTATCGATAGAAAGATATAGATCTCTATATGGATCTATCTCCATATCTAAATA,GGGGGTGGTGCAATGGTAATGGTTCATGGTGAGGTAGGCACCAAGGGTCTGGGGGGGAGGGGTTTCGTGTTAAGAATCATCCGTAATTCAATCCTTTCTGATGATTAGAAATTGAGAGAAAAATTCCCTGTCACCTTGGGGTCTTGAAGGAACAGGTGAGTATGA
CGGAGCAAACAAATTCAATGATTTTCTATATTCTATTTATTTCTTTTTTCTTTATTGTTGACTTTTTTCCACCACAAACAGATTTGCCGCATGGATTGGATAGAGTCCCCTGATCTCGACATTCAAGCACGAATCCCTTGAGCGCTTCGGCGGCGGATAGCAGCA,AAGAAGGAGGATGATGAATTAGTATGAGTAAAGGAATGTGAAACTTATGTCGTCTTTCATTAGGTTTTGTGGCCAGGAATTTCAATGCTATTTGTCGTGAGAAAGTGATTGATGGGGGAAAATGAATTAATGGGAGTTGGGTGTTGAGAATTTGATAGTTTGGGA
CTCTGTATGAGGCTCGTACTGCAGAGCAAGCGGAAGAAAACGTAAGGTCGCGCGTTAGCACTCCTGCAAGAAAAGGGATGCGCTAAGGCGCAACGGCTTTCGCGCAGCTGCTACGCCCTTGCTTCTTGCCCCTTATTTCTAACTCAAGGAAAGCCTTGATCGATA,TTGTGCATTAAATTTATAGGAAGAATGGTGCACAAGATAGAGTTTGAATTAACCCTTAAGGAAATTTAAAAATTAAGTAGAAAAAAGTGCGTAAAATTCTGCTTTCAAACGGATATTTGTATTCATTTAGGTTGCTCAATATTTAAGTAATGAAAATTTTTGTGA
ATGAATGAAAGTCAGTCTTTTAGTAAACGTATATAAGCAGCTCTTTAGTGTATAAGCAATTCTTTAGTGGTCGCACCGAAAGTACGGTGGAGGTTGGTTGAAGATGATCTTACGCGGCGTTCAGAACCAGTCTTGAAGTGAATGAATTATAAAGAAGTAAGGAAA,GGGTTGTATTCGAATCACTAAGTCTGAGAGGAATTACGTCAATGTACGTGGGGAAGGAACTGGTTTTGAATTCTTAGCTAGGTATTGGTGATTATAACCAAAAATGCATTGTTCCCATCAAGTAATTTTTTCAAAAAATAAAACCAACTGAACCAACAATGTAGA
AAAAAAAGTAGGATGTTCTTCTAAGGTAACCTAGAGTTTATAACTTTTGCTTGCGTTTATAGGATCTTGTTGATGTTGTTGACACTGTCATGTGATGCTATTTTGTCAAGTCACATCGATTGGTGCCTGGAACAAATTCCGTAGTCATATTACCATTACAACTAG,TCTAAATTAGCCAGTTTTACACTAACTCTAAAGCGACTTGGAAACTTGACCAAAAATAAAAAGGAGTCGAATAAACCGTGGAAAGATGGCGACAAGTCTTACATTTCTATGGACTTAAGCTTTCAATCAACCTTATTTCATCAAGTAATTGCGTCCTCTTTCAAA
ATAAAATAAATAGAGTAATAAATAACGTTGATGACTAATTGTAATATTTCATCTGGCCTGCAATCTGTGGTTGTCCAGGTAGACATACGGCCTACAATTTACCACGTAGGACAGGAAATATGGAACTAAACCACTTAAGTCTTGTGAACCGGATAATAATTTTCA,CAAAAATATGTCAATAATACAGTAGTTTTCAATTGTAAGTGTGGATCTTACAAGAAGAGTGCGGCGTAGTTGAAAAGAAGTTGCGGTCAATTTCTATAGACTTACTCTAATCCTTTTTGTACAATAAATCAGTTAAAAACTTTAGTTCCAGGGAATGGGTTGTGA
AGAGGAGCCGTATGAGGCGGAAGCTCCACGTACGGTTTTGAAGCCGAGCCTTTCCAGCAATGGGGCCTAGGGACCGATATGATGATTGGTTTAGGTAGGGCGGCCGGCCTACTACGGGCACCTGTAGGGATTAGTGTGTGAGACCGCGATCCACAAACTGACGCA,GGAAAGGGGGATGAATTTAAATTTTCGAACAATTCTCTTAGGTTCCACACTCAAGGGAATTAAAGCATGATTCAAACCCTCCTTACCCCTCCTTCTTCGAGATTGTTGGGGGTTTGGGGGATGGGGTCCCTAAACCTCATTTTTAGCAGACTTAATCATTTAGGT
ATTCAATCATATTTCACTAATATATTTATGCAAATTTTTTCTCAAAATATATTATCTTATCGAAATTGATGATTCTTTTTCATTGAGCCAAATCAAAATCGAAAAAAAATAATATTATTTTAGAGAAATTTTCAATTTATCGAGTATTAATTTAGTGAACTTATT,GGAGAAGTATAAGTATCAGCGTTTTATATAATTTTTCAATTATTAATCAAGCTTCACTCAAAAGAAATCGATTAATTTTAAGGGGAAATAAGTTAAAATATTTAATAACACTATTTTCATCATGTCAACTCATTAATTAATTATGTGGGTATTTCAAGTCCAATG
AGGCATCAAGTAATTCAACCAAACAAATATAACAAGGCAATAATAAACCAATCACACAAGACACCAAGATTTACGTGGAAAACCCTTCGATGTGAAGAGTAAAAAACCACGGTACCAAAATCTCCACTATAATCACCAAGAGTTACAAGACACAGGTCGACCCCA,TCCCGCACTAATCTTTGAATTTGGATAAAAATAAAAGGTTGATTAGTTAATAACGGGTCATTTACTAAACCACCAAACCAAGCCAGCGTAAATCCACAAAAACAATTACACTCCTCAACAAATCAATCAATCCATAGTAATTGATTAAAGATAATTATGGGGGTG
AATCCGATATAATGAATAACTAAAACATTTCATTCAAGAAATATATTATTTGGACAGTGCATGTGACATTCCTTTTTGACTATTAGTTGATTCCCCAATTTCTCCTTTTAATTTGGCTTAGTGCATGCATTTCATCTCTATATATACATATCACATATCACTTAA,TTAGAGCTTGTAGAGAGAAGCGGGTGGAGTGGATCCGAAGTCAATGCAGTCATGAAAAAGGGGGCGCGATTGGGGTTCCTTTGAGAGTTTGGTTTGGTAGACTTCTTTCGATTTTTCAGCCCCTTCTTCGGCAAGTGTCTTATTCCCAAACAAAAGGTTAAGTGG
CCAAAATGCAAGTGCTGCACCAAACACTGGTGGTTGTTTCTTGTTGTAAGTGAATGCAACGAAAAGACCCGGAAATAACGAATAATGAAACAATTCATATATTGACATTTCGTGCTCATTTCCAAATTTCTGCTTTGTTATTCCCATCATCCGGTAACCACAGGA,TCAAAATCTAAGGATAAACTAAAAAGGGGGAGGTTATGTTTCTTACATTACACCAATTATCAACTCCAACACAAAGGGATAATTAATCTAAAAGTATTCAAGTGAAATTTTAGGATGTTTTAAAGTGTGTTTAGATTTTATAGTTTAATAGAGAATGAATGAGAT
AATGCTGGGCATATACAACCAACAATGGCGGGTCCTTCCGTCAATCAATCAACAAAGTTTGGCGGGTCCTTTTATCAATCAATCAACCAAACACTCCAGTCCGTGTGCATTGACATTGCTATCAACATTTGTTTCATTTTCAATTCTCAGATTTTTTTTGGTCAA,GCTGACTTTAAAAACATACACCATCAACGTAATTAGAGATTTTGATAAAATCCAAATGCATCGGTGGAAATGAGGTGTTTGATTAAGTTACTATACTTGCAATTGACAGGAATGGAGTGAAACAATGTAATACGTTTTTACAAGCCAATTATGTAATTGTAGATG
TTTTTTTTGAATTTTTAAAAAATAAAAGAAAGAATTGTAAGGGTAAAACAAAAAATATTTAATTAATGTTTTATTATTTTTGTAAATTGACTAATATTATACGAATATTTATAATAAAGTGGACAATTAATATGGAATGATTAAGTATAAATTCAGAAGAAAAAG,TCTCTGAATCCATATTCATTTTACCATCAATAATTAAATAGATATGAAATCACAGAAAAATTTGAGTTTGGGCTGGGTGTGTTAAATTATTAAATATTTCACTTACTCTAACAACACAAATTCGTGGAACAGTAGTTGGTTAGAAAGTACCATCAAGTTAAAAGG
GTGCAAATTTCTTGTATCTTTTCTCCTAATCAAATAAATTGTAATTTGGCTTTGAATATCTCGTCATCGTTACTTTACAGACGTAGTTAATATAGATAGTGTAGCTTATTATAGTAGATGTCCTTTGGATCATATACTAAAAGTGATTCTAAAGAAGAGGAAAAA,TATTAGAACACCCATACTATGTTTAATTATCCCAACATCCCCTTTTATTAAACAAAGAGCAAAAATTTAAAGTCGCAAGGAGGTGAAGTGACGATCACTTCGATACATAAACGTCACTTTAATTTTTCCACCTTTTTCGAGTTAAACTCAAATTCAAGTGAAAAA
AGTAAGCAAAAATGAGTCGAGAGAAGTCTAGAATATGTATATTTCTTCACACGCGTGGATCGACGAATCACGAACTTTCCACTTAACCGTCTTATCTCTGTCTCAAACGGATACGGGTCGGATCATAATTTCAATTGCAAATTGCAAATTATATAAAGAGGCACT,GGGCCAATTAATGACGAAATGATTGATTTAAAGAAGGTTCGAGCTGCAAGTGTGGGAACGCTTGTGGTTTCACGATGTTCAACTCACCTCCGCATATTTACAAAATAATGTGGGTAACCCACTCCCATTTTCAACCGGAATCGCCACCGATGGCAAAGAATTAAG
CCCAAAGAAAAAGATAAATGTACATTTTAGTCTTTTTTTGGTTAAATATTTTTCCTATATAATCCTACTTGATTTAATTTGAATTAAATTCATATGAGCTGATTTTTTTCTCTTCTCTCTCTAAAGATCACTTTTTTTTTCTTCACTTTCTCTCACTAAAAACAA,TTGAGACACTTTAAGTGACTTCATTTTTAAAGTGGGGAGAGATTGGATTTGTGTTAAGTATAATTCAATTTATTTTTTTTGAATCCAATAAGTTGTTAAGCAGTTTTCCCTCCTCCTCTCGAAGATCCATTTTACTTCATTTTTCATTCACTTGAGTGACGGAGG
CTTCTAATATAAATATTAAATATCAACTGAAATTTTCCACGCTCCCACCCTCCTCAATTGTTAATATCCCTCAATTTTGAGATTTTTTTATATGAAAATTTAAAATATAAAGTAAAAACACAAACTATCCGAATAATTTAATATATATTATTTGTAAATATAAAC,GGTAGGGGTCAAAGATGAAGGGTTTAATTGAGTTGCATTTTTTTACTTTGAAATAAGGCATCAAAGTTTAGAAAACTCTGACAGTTGGTTGAATAAGACTAGAGAGTGAATTTGAGTATGAAACAAAGTTCATAAGTTAATTAGTGGGTTATTAAAAAAAGTATA
AATTCATTAAGGTATTATTCTATATAGCCTTCTAAATAGTCAGAGTGGGAACTCAAAAGCAAGAACTCTTAACCATCATTCCTTAACTCTAAAGGGCGTGAATGTGTAGATCAAGGAAGAAGGGTGGGATAGCGCCCGATTGATTGAGCGTCTTACAGCCCGTCA,GGTGACATCTGGTCAGGGTTAGATCTTGAATCCTAAAATTTGAATTGAGTTGGAAAAATGGATCAAGTTTGTTAGTTGGTTCCAGAACTGATTTGATTTAGGTTTCATCAACCCCATTCAGCATTGGGGCAAGAGGACGTGTTGTTTATAGTTTTGATTAGATAA
AAAGCAGTGACAAAGGCAAGTATTCATCAATGCGAATGAAAGATATTCGATGACTGTTGGCTGCATGTTTTAAAATGAGCTATTCCTATATCCACAAAGATATTTCTTCTGCATGAGATATCTCTAACTATCGAGAGGAAAAACTTTCATAGTAAAATATATACA,TTATAGTCGGCAAGTTAAAAATTTCGGCAAAGTTTAAGGTTTGATTACAGCGGGTGTAAAGTCGAGTATTGCGAAATGAAGGGGGGTTTTTTGGTCATTAGATGTTGATTGATTTTTTTAATACTGGTTTTCATCCGGAGTTATTCCAAGGGGGTAATGGTGGAT
TATCTTTGAAATTTTAATTATAGCCTAGAAATACTCTATACTTTTTCCTTTTGATATTCTTAAAAGACAAATATTACTCAAATGTATATATTTGATATTATATATATATTTGATAAACTAATTTGAACCTACCACTAAACATAAAGGACCATTTTTGTAATTTTG,TCATTGGAGGTTTTGGTCAAGGACGAGTTATAAAATGACGCTCTCATGAACGTAATTGAGTTATCGTCCCCAAGTGGTAAAAGCTAAGTTTTTAATAATCTTGTTTAATAGAACTGCTACCCTCTTAATGAGGTGTTGATTACCCCCCAATTAATGAATTTAAAG
GGTCGACCCAATCATGATATTGAAGGAGGGGACCTTTTCTCGAAAAAAAAAATTCTTGCAACTACGAAAACCACAACACAAGCACTCCTTTTCCATTCATTCTATCTAAGAAAAAGAATTTAGCATAGACCACGACCCCCCCATCTTTTCATTTCTTTATCTATA,CATGCTTCCCGACCGTCTATGGTGGAAGAGTAGATTCTGGGATCAATGAACCCATTCAAAAGGTTTAAAACCCAGGCAAACAAGAACTCATTCCCAGTTCTCATTCTCACAACATACATATTGATGCGCTATTGCTCACTTTGGTCCTCAAGCGAGTGCGGGTGA
TGACTAATTATCCACACTCAAAGTCAGTCAACATATTAATGTATAATATTGTAACTATGATAATCAATTAAGTAATATGTATAAATTTGCTTAGTCGCATATAAATACTATTAAAATAATATTTTCTCGCTTATTTACGAAATAACAAAATATTAGTTTTAAAAA,TTAAAGAGTATGAATATAAAGGAGAAGTGAGGAAATATTCAAATTGGTTTACTTTGCATTTGAGAAGGTTTGAAGAGGTGAGGAAGGGTCGGGTTGGATCTGAAACTTACTTTCGAACAACCAATACTTCGTGTTGGCAAAAGTTTACAAATATTATTGGGCTAC
ATGTTGAGGTAAGAACATAAATCGCTAAGTAATAGCAGCAAAGGGGTGGTGGCGCAGTTGGCTAGCGCGTAGGTCTCATAGCTTCTGAGTAATCCTGAGGTCGAGAGTTCGAGCCTCTCTCACCCCATGAACTTTTTTATCCCCTCTTTTTTGGTGAAAATTTCA,AAGTAACTACTATAAAGCAAGGAGGCACCAAAGGAGAGGATCTATTTAGGTTGAAGCGTTTTGGTGTTTAGTGGATGACTTCCAACTCCTTTCTTCTTCCCACTTTCCGTTAGGTAAGTGGGCGCGGTTACTCAACTCTTTTCCTTCCTTGTCGAATCAATTTGA
AACCTATAGTTTAGTTTGATAGTTTTTAAAACTTATGGGTATAAATCATATTTTTCTAAAAAGGTGAAATATATTTTTCAAATCCTATGACCAAACAGATGGTGAAAGTTCACCAAATAATATTTGCCAAGAATATTTGAAAATCTATGACGAAACGCTAGCTAA,AACTACTGCTTTATTTCATCACCGCCCCAAAATTTTCATAAAAAAATTTTTTCTCAACAAGAATCGGAAATGAGGTTAAGGAAGTCAATAGTTCAATTGTACTTGCACCTTGTTCTAATCAATTGATTCCTAAAAATTACAACCAAAATGACACATAATTGGTGG
TTATGTTTGTGATTTCATGTCATAAACATTTTGATGTGTGATTAAGATTGACATTTCCAATTGTGCGAGTCTAAAATTACTATATGTGAAAATAGTGATATTATTGATTATTCTTATCTTTTCATCTTCTTTCTCCTGTTAAAGTTTTATCTACTTCTTATTCAT,GTAGGATTTAAACTCAACCATTGGGGTATAAGTCGTATGTGGTTTTATCGGAGGGCAAATTAATTAATTCAAAGATTGAGTTAACTAGGATAGGGGTCTGGAAGAGTTTTGTTCCCGTAATTGGATTCGAGGCGATTCATAAACTTCATAATATTGGGAACGTAC
ACTCGTATTGATTGGAGTAGAAAGTGTTGGGATTTGGTCATGATACTTAGCTTGCTAAATAATGAGATCATGTTTATCAAGGGCTATTATATTTTTGAAGGTTTACTTATCCCACTGGTACATATCTTTTTTTTCCTTATAGGACCATCTTGTGTGCTAGAAATA,GTTGGAAGTAACCTAGGTTTTTAATGAAACAGGATGATTTGAGTGGTAAAACACTACCAGCAGTTAATTGGGTGATCAGGTTGGATAAGTTTGTATAGTCAACTCTTGTCACTCTCTGCAAACAGTTTCTTGACGTTGGTTGAGACCTATTCTTGCATTGGATGA
CCCACGGTCCGCTTACCGAGGAATAGAAAGGAAGGACCCGGGGCCAGAGCAAGTTGGGTTGGGGTATAGAGCCGTAAGCGCGGTGGGGGGTGACAGAGGACGTGCTCGTACGGTTCATAGAAGGATATGAAAAAGTACTTTTTTGTTGGGAACTTTCACTCCTCT,TGGAAGAAGAATCCCAAAAAAACTTTTTAAATACCCCAAGTTTTGTAATATTGACTTGCTGAAGTTGATGAAACACTCCCTCCGCCTATTCGTTCTAGATTCATACTAAAGTATTCTTTAAATTGAAGGGAAACGTGACTTTTTGTTTAAAAAGACTATTTGAAT
TCGGAAAGCACGGGCGAGCCACATGCAGGGAAACTTGCACGTGTGGTTCTGGCCGGGGACCCCGGTATACTGTACTAATATGTGTAGGTTCCCGTAATTCGAGTGAGATTGTCATGGCGCAAAAGCAGATATGGTCCGGTATTCCCTTGTTCCCTGTATTGGTTA,TGGTTGATTTAATCACAACTAATGGATGAAGGAGGGGAATCAAGCCGTTCAACAAAATTTTGTGTCCTATATATCATATTTGTCAGTTTTTTTTGGCAGGTGATTGGGGGGGTGCAGGTGATAACCCCCTAATGCAGAAACTGCATCGCCTTACCAAGTATTTTA
CTATTTTACTAAGGCTGGAAAGAATGCCCACCAAGTTCAGATAAGGGAATGCTTTCCCCAACCATTAAAGTAAAGGCTCGACGAAGGGAGGGAGGTGCGGCGGGGGAAGGAAAACGCTTTCGGAGATCGAGATTTTTTTTCATCGAAAACGAAGAAGGCCGAGGA,TTGAAGTACATGATTGGAGGAGCATAAAGTCAATAGTGTAGGTGCTAGATGATTTGTCGGCAAGTTAGTAAGGAGACGTTGCTGAACGAATGACCAAATTTAATAAAAGAGGGGTTGGTTAGTTGGTGAGGGGGATTTTAATAAATTTGATCGAGAGGCTCATAC
CTATTTTACTAAGGCTGGAAAGAATGCCCACCAAGTTCAGATAAGGGAATGCTTTCCCCAACCATTAAAGTAAAGGCTCGACGAAGGGAGGGAGGTGCGGCGGGGGAAGGAAAACGCTTTCGGAGATCGAGATTTTTTTTCATCGAAAACGAAGAAGGCCGAGGA,GTGAAGCCGTCGTTCTCAAAACCACTTTTAGTGTTGACTCAGTCCCATTCCCTCCTACAGTGAATTTATACGTGCAGATAAGAAAATAGTAAGAAATTAATTCCAAAATCAATGAGTTCTTCTTCACTAATATACTTTCGGTGATAAACAAACAACCGTGGATAA
GGTTGCCACGAGTAAGTAAGTTTGGGGGACCGAAGGCAGTTCTCCGTGCACCGGACACGTAGCTTACCGAATCAGTTGCGACACGGATGGGAATGCATGCTACGAAAGATAGGGTCGAGTCTGATACATCAACCGTCTACTCAATATCCTTGTACGAGTCCACAA,AACCATTTTAGAAATTGATTATTTTCAGTGGTATTATTGGTTGATGTATTAACTAATTACAGTAAATGGGGAGGTCATCCTTCAGCCTTTGAATTAAGTAATAAATTAATACTCATTGAATTCTTTTCCCTCGGGTTCTCCTTATGCCGGATTTGAAGGGCGTGA
AGGGCCCAAAAGTCTAAATAGGGGGTGAAAAATTCCCCATCTCATTGGGGGCGGAAAACGAATCGACATCTCGATGTGATACAGCCCTTTCGATTTTAGTTGGGAAAGAACGGCGAAGTCCATCCGAACCGTCCAATGAAGAATAAGAGGAGAGCAAAGCGCCAA,TGGGCAAAAGGAATCAATTTGAGTTTAGGAAAGTTTAGGGGAGTTTTAGTTGGCCCCAGGCCCTTATATTGTTGGGGGTGCAGGGACTTTGGGCCTGACTAATTGCCTTTAGTGGGAGTGGGCGATTCATTGTCAATAGAGTACTTATAAATAGCTGGAGTGGAT
ATTTTTTGTTTGCTATATGTGAAAGTTGGCCATAGACTATTTGTACATACCTCCCATCCACACGTTTGAAAAAGCCCAATAGCTTCTTACTATTGGGCCTAGACGGAACCCAATTACAAAATTTTCAACTATATAAATACTCCACACGCAATCTACGCTTTCCCG,ACGACTTAGCTTTCAAGCAACTAAGTTAAACTAATCATTTTCTAATCAATTGGCACGAACGGAAGGAGTTAGGGAAGAAATGGATTTGGTGTTTCTTCGTCGTTCCAATCCTTTCTCCTCAATTTCACAAACATGGTGATGTTCTCGAAATCGGGAAATATTTAG
TCTTCAAATTTTCTAAAGTTTTTAAAAGCATTTTCTTTATAAGGTGAGTTTAAATTTATTTTATTTTTAATTTATTTTATACTTTTATATGATATTGTTGGTATATTCAATCGTTTGATACTTATATTAATGTTAATATTTCTTTTTATTTTTTGTGTAGAGATA,ATCAAGCGTATACTTAAATGTTAAGTAATTGGCGGAAGGGCAGTCAGGTGTAAAAGTTGGTTGTTTAAAGTTAATAATCAAGTTTATTACTATTCTTTTTCGGAATATATTGGTTTGATTACTTCATGAAGTAGCGTCGTGGGGTTTTTTTTTAGTGAGTTGGGA
TATGCACCAACGACGGCCCCTTCTCTTTACCTTTCCCGTGCCCTACCTCATTCCTTTGCTGGCTTGAATTCCATCTCTTTTCTTCTTTGTTTGCGAGAGTTACTCATAGGACGACCCACCGGTAGACCAAGACTTGAACGGATAGAATCGTACTACCGCTGTCGA,ACAAAAAGAATTCATTCATTTCTTGGTGTGATTTGGGAATTACTTGGATTGGGACGCGGTAAAGTACTTTAATTGATTTTTTTCCAATAGATGCTTCTTACACATTCCCGAATCAATTCTTTCATTAACATTTAGGCTTAGTTTGGACTATCTTCACGCGTTGGG
TTCGAACTTGGCTTAACTGACAAGTAAATACTCCAACTTTAAATACGTACATCAAAACGTACATCCTAATTTATATCTAGGATGTCAGTTGAACACTCCAACTTACCATTAATACACACATAGCCATTCAAAGCCTCTTCTTGTTTGATCAACAGGTAAAAATCA,GTAAGTTTTAAGGATAGACTAAAAAAATTTTGAAAATTAGAAAAACCATCTCCCAAAAAACAAGGATTAAGTAAGTCATTCAATGATTTAAGAAGGGTCAAATCTCATTAAAGGAGTGGTGAACGATTCAAACGTTCTTATTCTTTCATCGTTGTTGGATAGATT
TTCTCAAAGTTAAATTAAATTACATTTTTTAATATTTTAAATTATTATACAGAAAGTACTACAAATTACAATTTTTTTGTATTAATATAATAAAAAAAATAAATTTTAAAATGATTAATTAAAATTCATATTATTTAATTCTCAAAAAAGAAATAATAATAATAT,TCAAAACGTGGAATCATAAACCTTTATTCAACAACTGACCATAAATTTTAAGTCACATTTTAAACGGGTTAATGATCTAGAATAACAAGCGTTTAAACGAAAATTTTTAAAGGTAGGAAATAAGTACGTGCGTGAATAATTTCAAACATCAGTTAAGATCTATGG
TTTCCCTTAAAAAAAGTATTTTAGAACTAACTATATTATCTATTATTTTTCTCTGTAACGACGAAGAACAATACAATCTATTCAAATATCCTAATTATTAAAAATAATACTACAACACAACATATTACAATACATTATAAAATGATAAGTAACAACCGTCTAAAA,TTTATCGCTAAAAGAAATTTTTCAGAAGTGAAGTGACCCCCCTTATTTTTGAAGCTGTGAATTGTATGGTAGATGTTGGTTGGAAATTTAAGTTGTTTTCATAATCTTCACGCACCGCAAGGGTCAACAAAATAATGTAAATGAAGGATAAGACTTGGGGTGGCG
CGGAAGGAAAGACTCCGTTGATTGCTCCGATGATCGTGACCTTCGAACCCCGGTGCCGGTGGAACATCCACGTTAGCTTCCGTTGCAGAAGATCGCGTTTTTGTTGGAACTCTCTCCTTGTCGAAAAGTATTTAGAACGCTTCTCAGCTATCACAAAGAGGGAAA,TGGAGGGGATCCACCCACTACTTATGGAAGTTTGACATGAGATTTAAAAAACCATCAAACAAAATCACGAAATGGGTTAATTAAAATAAAATTAAAAATACCGTTTTCCACTCACAGGGTTAAGAAGGGTTGCACACAATTTGATTTACGATGAAAGGTGAGAGA
TTGATTGTTTTTCTTATTCTTACTTTCGCTGAAACAAACGTCGTCGTTTGGTTAGCTCCGCTCGTCGTTTTAAACAAGATATCAGAAAAAGTGAATCAGCGAAGGATTCTTCTTTCTATTTGAGTTTACTTTTTCTTTTCTTTGAAAGTAACAGATTGAAGAAAA,CTATTCGGCCCTCGTTTATGCGGTGTTAGGGAGGAATTGGTGGGGTATTTGGTGGAAGTTAAATGCTGTGGGGGTTGAGGAGTGTGTTATGGTGGAGGTGTTATGGTCCTTATAATGGGTACGTTTAGGCTTCTTACACGCCTTCAAATCAAACTAATAATAGAG
CATATAAATTGATTGAGTTTATCGAAGGTTTGGATGGTATTAATGATAACTCAACTGAGCATGAAGTTCAACAAAGATTTACATTATATTTATTATGATTATGTGGTGGATCAATATTTCCGGATAAATCTAATAATAAGATTAATTTGGACATTTTAATTGACA,TGAGGGACTGGTTGCGTAGGGTAAATGATTGTTAAATGATTGAGAAAGGCGAGAAATGACGATTGGGTAAGCAGGTTTTGGGGAAGGGTGGCTTAATGGATGGTTGGATGAAGTGGTTTGAATTAATAGTTAAAAGGAATGATTATCATGAAAAGTTAGATTTTA
TCATCCAGTCTGGTCAAGTTCGTTGTGTATTTTTTTGTTTGTCAAAACACACTTTCAATTTCCAATTCGACAGATCATTCATTTGTATTTATCCACTTTACCTTCCCTTTTTCTTCTTTCTTCTTACAAATATACTAATTGGGGAAATTCCTGATCCGAATCCAA,ACACATAAGATACCTCATTAATTATTATTCATTTGAAAAATTAACACTTGCGCAACAATTTAACCATGACATGATTCTTTCATGGAATTTGGTGAATTGGTATTTCAATTCTTTCTTTTAATGGCTTAAAGTCCGAGCAAGTTGGTAGTTTATCGTGCGTAGGGT
GAAGTGAAATTGTATCGTATGTTAGTTAGAGAGGTTGGCGAACTACTACGATCTATAGATTTCCCATCTATATCCAATCCCAACGAGAATAGGAGCGAGTCGCTTCCGGCCTGTCTTGTAGTCGTAGTCTTTTAGCTTATGTAGTCGTCGGCCTTCCTACACGCA,GGGTGGCAGAGGAGGGAATAGGTGTTTTGTGGTTTGAACAAATATCTAAAAGAGTGGAATCTCACTTTTTTTTAAATGCGTAAGCAGGCAAATAGATAAGTTAGGGGCAGAAATATGGATGGATACATCATTTCATTCAATTTCATCTGATTAAAGAAGGGGGGG
AAGATCACTGCAGTTCCTTTTCGGGCGGCTGTAGGACGGCCGCCTATAGGTGGTAGGGTAGGGTGGGTGGTACCGCTCTGCGGCCAATCTTCCTAACCGCGCGCGGGCCGGGCTTAGAGCGCGTGAAACTCATCACTACCTCGTAAGGGCGTTGAGACCATAGCA,GCTGAAGATTTACTTCACAATTGACGGATGGCATATTGGAATCCTTTCAATCAATAAGGGTAGTGATGGTATCAATTCTTTCATAACATTTTATTAGTAGAAAGGTAAGGTCAATTCAAATTAATTAAACTGCAGCTTTACCTCATTAGGCATCCCCCCTTAATT
TGATAAGTGTGTCACTAATTTTAATTTTAATTTTAAAAAAAAATAAATTATAAGCCCCAAATCTTCCTTTGAAACATTTGATTCCCCATTATTTTTCTATTTATATTTTTTGCACCTTGTCTTTATTTTTCTTTGATGGGCCATATCTTTTGTCTCTATTTAAAT,GTGAAATTATAAACTAAAAATCCCTTTAAAGGTTTAAAGCAAGATGAAAGTAGTTGGGGACATTAGCTTTGGGGATTTGGAATTTTTGTGGATGAAGTGATCTATCGATTCTTTCTTAAATTCTTCCTAATTGATTTGAAAACTGGGGTTGGTGGAGTAATTTTA
TAAGATTTTCATAGGGGACATGTTTGGTAGTTCAACTGTTATCCTCCTTCTATCTCAACTAATCTTTGCTTCCTGATATATCTTCATTTGTTAATGGGGTTTCTATTTATCACTGTAGGATCCCCACAACAAATCACATGGGTGTCTTTTATCGTACCATACCCC,TGAAAGTAGTTCACTCGTATAAATGAATCGCATTGGGGTTGGTGGTTTTTCCTCAAGGATTCTTGAATAAGGACAGTTTTTAATTTTGTGGGGATCCTTATGGGGGGCAATCTTCCTTCATTGATTTAAGGTACGAGGTGGGCAAATGTTACTATATCATTTGAA
AACATATTTATTATATACTCACGAGTGATGTCTAGAGAGGTTGAGATGTACATAGATTATATCTTATCTTTAAGAAGATAGAAAAATTGTTTTCGATAGAATTTTGAATCCAAAAAAAGACTTCAAAGAAAAACAACAATGAAAGAAAAGTATTAACTATAATAT,CAAAACTTACTTTGATTAAAATCTTAGATGAACGGAAATATGGAAGGTTAACTGGTTTACTTTATGTGAGTAGTAGAAGTGGATAAAATTGTTGATGTAGAGTCTCAGGCAAATGGAAGGAGGAAACGGAAAAAGCAGCGGAGATAGAGTCCAACATTATTGGGA
GCTCATGTTTAAGTCATTTAGTACCTTTTTCAAACTTTTATATATTTATTTTATTATTAAAAAAAATTCTTTAATTTGTACATAGGACATATGTTCTAATTTATACCACTCTTCTTTCAACATATCACATAAAACGGATCAAGATTATAAAATAATACAACCATT,AGTAATTAAATTAACCCATTAGTTGAATTGAAAAATGAGCGGGTGTTTATTATAATTGGGTAAGGTTATGATAATAAATATAAAGGTTGGGGATAAAAGGTGGAGTAAACCGGAAATATATGACCATTGAAAAAAAAATATGAAATAAGAAAAGAGGGAATTAGG
GAAACATTTTCTTGTAAAAATCGCAACTTTTCATTGAAATCACAATTTTTTATACATAACTTTTTATGAAAAGAAATGCCAATTTTAAAAATAAATAAATTAAAAATAAAATTTGATTTGATGGCTGGGGTTAAGAATTTCTTTTTATATAATTAAATAAAATAG,AGTCATCCTTTAAATAGAAAAAATTAGTTCCAAAGCATTGGATTGCTCCAATTATCGATGTTGGCTTACTTTGGGGGGAGTGAGTGTTAAAGAATGATGAAGAATTCGCAAGTTGATTTAAATGCCACTCCAGAAAAATTTTTACGGAACGGGATGAATATGGTT
TTGCTAACCAACACATGGCAGAGGAGGTTATTTTGTCATTCACAAAATGATTTACTTCCCTGTATACCTGTAGGTTAGTCAAGGACTGGAAGTCATCACCGCTCAGTTATTTTTCGACTTGTTGTTATCTAAGTATCAAATTTGCACTGCGTTTTTTCGGGAGCA,AGGAATATGAGTAATTTAAATCTGTAACTTAATTAAGTTAATCAAACAATTTATTGGAAATATTTATTACATAGGGGAAAAAATATTTTGAAGGATAATAATGTTTCTTAATTTTTATCGAACTTCCCGCACACAACCAATTTCTAGGAGGGGGCGATTGCAATA
CCAAAAACCAAAAAAAGAAAAAATTAAACTTCTTTTCGAGGCCTTCGTTAGCTGATATTTGTTTAGTCATTCAGATAGTGATTCACGTAGAGATGATTGCAACATGGAGAAAAAAGAGAACAGAGAAAAGAGTAACAAAGAGAGGATTTATGAAGAAAACAAACA,CTGCTAAATTAAAATTGACGAAAATCAATGTATCGAGGTCGTTTAATTTTTCGAGAGAAAGGTGGATTTGGGTGAATGTGGGATTATTGAAGAAGGCCAAAATCGTGAAAAAATCACTCAAATTAAAACAAATTACTCAACGCCATCCTTTCAAGAAAAATAATG
GCAATTTCATAGTGGTTTAGACGGTACAATGAAAATGAACATAATATAATATAATAATAATAATTATATTATAATATAATGGATGGGTTGTCACTTATCATATGGTTACAAAGTTCATGGAGAATGTCAATCTTTTCAACTATCTTGTAAACGTCGAAATTTAAA,GGAGGGGGTAGTAATTTGGTGGTTTTGGGAAAAAATAGGTGGTGGCTACTTAAAAATGCGAAAAATATTAAGCTCTCGACACTCCCTTCCTTGGCGCAATTTGGTGGGAGGAAGTTTGTAAGCATGTAGTGAGAATTACAAATTTTTTTGACGGAAGGGTGCAAA
TTGAATTTGTAAATATTAATGCCATGGAATCATTAATTTTCCATATTTGGAGGATTTTGTATTTATAACCTTGTCTATTTAAAAGATAATATTCTCTTCATTATTTCATCAATTTAATTTTATTTCAAGAAAGTAAACATTAGTTAGTATAGAGAGATTTCGCAA,CTTACCTAATTAATGGTAGACTTTCGAGGGAATTTAGTTCATTAACTTGGAGGTGGTGTAAATTCTCTTCAGACCCAAATCGAAGAATATTAGTTGGATAAGTCGGTGAGGCCCCACGGGTGATTGACGACCCCAAAATCCGTAGTAGAAAATAGAAAAGGGTGG
AAGGCAAAAGTTGTATCTCATAGATGGTTGATTTGGAGAAAGTTTTGTGAAGTGGGGTTCTGTATATTTGTTTTTATGTTAGGAGCTTACTATAGAGAGTGTGTGTTTTGGTTTGGTGGATTTGGTGTTGTTAGTTAGTGAAAAGAATTTTTTTATAAAAAAAGA,TTATCCAAATCTAACCAATAAAGCGGTTAAACAATCTATAGTTGGAAGAGTGCGTGGGGTTGTGGTGTGGGTGGGGTTTACATTAATTTGGGTGACATTAATCTTTTACTGATGGGTGAATAAAATGGAGTGCAAAGATAGGGGCAGAGATGAGAAAGAGGAGGG
TTATAAAAATAGATAGACCAGTTAAAACAAGGGATTATTACAGCTAACAAACAAGAAAGAAAAAGAAATTAAAGAAAATGAAGTTTCCCCTAGACCTTCCTATCAAGTCATTTTCTCAATTTAATTTTTTCTTTTCAAACTTATATATATCTTTATATATATACA,GGAAGGAATGGAAATTGCTAGTTGACCAAATTGCGGGTTTAATTCTTAAAAAATTAACAGTGCACAAAGTCATATCAATGGAAAGTTTTATGGTTTCATCACTCGATTTATATATACAAATAATTGAAAACAGCGTCGGGCCTATAACAAATTGTTTAGTTTGGG
CTGAATTAAAAAATGCTATTTTTTTATATTAAAAAAAAATATCCTTTTTGTGAATCCCTCTATTAAACAAATTAAGTCAACTCTATCTTAAAAGTTTTTTAATCCCATCCACATATTATATAGGAGAAGATCAAGAAGGGTATTATGAGCAAGAATTATTCAAAA,ATTGACAAGACGCACGGATGAATTGGTGTTTAACTGAGTGGGGTTGTAGTTTCAAGTTGTTAATTGGTGAAGTGAATTAGGAAGGTGGTTGGTTGTTTAAAACGGGAAGGCGGGGAAGTGAGCTATTGGCCCAATTAGGCTTGAAGGGTAAATGCGTGAGTGTGG
ATAAGGTAAAATGTTTTTTTACACGTTATATGCTTATGATCACAAAATTAAAAATATTTGATATATTTAATACAAGTTTAATTTAAAAACATAAAATTGAAAAGTTTTTTATTTTATAAAAATTTTGATACTGAGTTAGGTTAGATCATTCTTTTTAAAACGAAT,GGTTCGCGATAAATTAGAGTTTACATAAAAGAGAACGATTTGTCGAATTGTGCAATTAAACCACTCTCACTCAATCCTGCTAAGAAAAATATTAAATTAATTGATGTTTAATTAAATTAACTCCACTCAAGTTCGTTAAGTTTAATCTTGGGGGAGTTTATCGTA
TATGGTGCGCGAAATCTCAACAATTATATCAATAGTTAAATTAATAAAATAATATCAATAACTGATAAATCGATAAACCGTAATCTTGATGGTTCTATAACACTATAGAATATGTACAAATTAATTAGTAACAAGTCAAGATAATAAATTTTAAATCGAACTAAA,TGATTAGATGGAGGCAAGTAAAGGTTAGTGAGCGAAAAGTGATTGGAGCCAATGGAACAGAATCTTGGTGCCTTCATATAGTAAAGTAAGAGGTTCATGTTACCACCTCATGGTGTTCAAATTAAGCTGGCTTAGATTAGTGAATTAATGAAAAACGTTTTTTGG
AAATAGGTATGAAGAAAATGGAAGAAGAAGAAGAAGAGAACATGAGAAGAGAAAAGAGATTCAAATGCATAAAAATGGATGAAGATGAAGACGAAGATGAAGAAGGAGAAATTCTCGATTACTATGATGATGATGAAGATGAAGATGAAGAAGAATTTGAAAATA,AAAAATAACTGGTTGACTAATAAATAGGGTACAAAAGATTTAAGGGAGTAAAAAAAAATGTGAAAAACGGGAAAAGGGTAAGTAGAGGTATGGATGAAATGTAGTTATTAAACTGATTGAGGTTTTTAAACAATCATCAGTTCAATTGCAACACTACATTGCTGG
TCACATGTCCGACATGGCCGGTAGGTACGGACGGCATGATTCTCATCGTGCACTCACGCAGCTTCTCTCCGTTTAAACAAAAACCCAAAATAATTTTTTCAAATTAATCTCTTTATAATCCTCATAAATCTTCCCTAATTTACTACTTATTTTTCGATTAGTAAA,GGCAAGCCAGCATGGTGTTTTTATTTTTTAAGTGCCATTATGTCGGTTTAGTGGCGAATGACTTATTTTGTTAAGAACAAAAAATAAGCAAAATGCTCTAACAGTTGATTTTTTTTAAAGGATAAAAAGTCCTTCCCTCATTTTTAATGTTACACTAAACTCACC
ATATAGCTATAAAAACAATCTTTTATTTGAATAATGAAATTATGATACACCCTCAATATATGTTACATGGCATAGTAAATAATCTCAAACTATCATAAAAACATAAAAATTTTCCTACAAAATCGAAAAAAATATTAACATTACCCTCAAAACTTATGTAGAAAT,GGGGTGGGGGTTAACGATAAGTTTTTTGGTAACACAAAAGCGGCTAAATAACCTGAATCAAGAATTAAAAGTGTTTTAGAATTATTGATTGAGCAGAATGAAAAGGGGGGTTGTTAACTATGTTAAGAAATGTTTTAAAGGTAGAAGGTAGCAATTTAATCGGTC
TACAAAATCGAAAAAAATATTAACATTACCCTCAAAACTTATGTAGAAATATATTTCACTCGTATTAAAAAATCGAATATTATTTTAGTCTTTTAAGAGTCCAGGAAAACATTATCTCCCCCTTTGAGTTTCTGCTATCACACTTAACACTCAAATCAGCAAAAA,ACAGAAATTCAAAGAGTAATGGTTTTTCAAAAAAGGAGTACTTAATGGTTGCGTTGGTTATTTTTAGTGAGTAAATGCATAAAATTTATTATTGAATTGAGTAGAGGCAATTTAATTTGATTCAACTCTCAGGCCTTCAACTTATATGGACGAAAATGGGTGGCG
TAGGACTCACGTGTTTTTTTTTTAAAGTTGGATAGTTAAAGTGTTTGTTTGAACATTATAAAAATCTGAAGTCAAGTTTAGAGTTCAATATATGTATTATGCCTATATAAATCTGTAATATATTTTTTGTTGGGGTGGTTGTGGGGGGGGGGGGGGGTTTGAAGT,TGGGGGTGGCCATTGTTTGTGGAACTTAAAAACTGTAATGGGTTGAATAAGCGGAATGGAATATTTTTAAATTCCTGGCGCTTTGGAGTGCATTCATGGACTGGAGGGGGATTAGGGGATGGGTGGTCATTTTGAAAGGGACTAAATTGACTGAAGTTTTTCTTG
TCATGTTATAATCAAGATTATTTGATGTTTAACTTAAAATTCGTAGACATTTATACGATAATAGACATTTATACGATAATCTAACTTAAAAAAAATATTGCACCTTATAAATAAGAAGAAAAAGAGTAAGGCTAAAGCCAAAAATAAATAAATATATTTGTATAT,TCAAGGCCTACAACTAAATTTCTAAGTTCATGAATTAATTTAGTCATTTAATAGGGAAAAAACCGTCCCAAATTGGTGGATAACTTCGTGACTGAAGGTGTAAATTGAAAAACAGCAAGCATTTAATGGGTTATAATTCAATCAAACATAAATCGGACATGGTGG
TCCATATTTTTTTAATCATATATTTCACTATATATATACTCCCTCCAAAGAACAAATATACATATTATTGAAATCTCCCTTCTTTCTCTTTTTTCTTCTTTCTTCTTATTAATATATATATATATATATATATCTTTAATTTTTTCTAATTATATTATTATTAAT,CCCCAACTCGTCTAACCCACACTTTTGTACAATTAGTTTGGATGAATAAGTTAACCAACCTTTATGGATTAACATTGTGTTACATTATTGGTATTTTTTTTATTCTTGCGGGGTTTGGCTGTTGGATTCAACAAGTTGAGTAACTTATGACAAGACGACTGATTA
TAATTTTCTTATTGAGATGTCATCTTCATTGGTCAAACAAGAATAGATTTTTATTTTCCTTCTATGGTTTCAAACTTTTATCCCGAGAACAGATTCGTTCAAAGACACAAACGACAGTTTCAAAAGCAGAAACATAAATAGAAATAAGATCACTATTGACTTGGA,TCATCTTATTCTTCTCCGGAAATCCTTTTTCAAAAAACATCATCAATGTTTTTTTTTAAACTTAAATCATGAATCATTTGGGAAAGGAAAGAAGTTTTTTAGGTTATGAATCAGGGGATCGGAAAAAATGAAGGGTGATCATCCTTTCATTTAGCATGGCTGTGA
AAATAAAAAGCTATCAACTTCTCTATTTTGCCTCTATTTGCTGCTGTTAGAAGCATTTTGTACTATAAACTATTTCTCTTTCATTCCTTTCTCACTTTTCTTTGCTTTTGGGTTTCTGGTTTATTTTTTCTCTTCTAGTTTTGTTTTGGTTTGATCTGCTTCGTG,ACCAAGACGATTGAGCAACTAATTCAGTGGATTTGCTTTCTAACATTATTAGGGAAATTTTTGGTGAAGTTTCTATTTTTACTTTTCTTACAATTACTCTCAAGTAGTGGCCCTTCTAATTCAATTTTCTTTAATCCTACTGTCAATTAACCCCCTACGATTGCA
ACATATACAAATCTCGCTCCTTACTTCCTGTTCTTGCTCGCTTTCCTCCTGCTCTCGTTCGCCTCTTTCCCTTGTTTCATTGTATCTGGTAGCAAATAATATTTGTCCCAATAAATAAAATATAACTATTTCGAAAAAGTTTATAATAGTTTAATTAGTGAGGCT,TTGAGGACTTAGGTGAAATTCAATTTGGTTGTTTGCAACCCTTTTGATTTCTTTGGACCATTCTTTTTGACCTCGTTTCATCCCCCATATCATTAATTGTTGTGGAAATAGTAAGGAGCGTAATCAAATGCATAAGGGATGTGGGCAGGAATAAAGTGTTTAAGC
TTTAAGAATTTGAGCCACTAGAAAATAATTAAAAAAAAACAATTAGCTGCCAAGAAAGACTAATTTAGAGTTTCAAGTAGTCAAATAATAACTCCTACACTCTTTAATCAAATATTTGGTATTTTTTTTTAATATTTAGTATTTAATTTTTTTTTCATTCTATTA,TAATTGCTTTAATATGAGTAGTATTTAGAAGTGAATTTAAGGTGCTGAAATCAACAAAGCGGCATGCAGCGGGTCACAAGTGCCAGATTATGCTATTTAGTGGGGTACGAAATTGTGTGAGTTTTTGTTGTTGAATTTAATTTGGTAATTAAAGTAAATATCTAA
AAAGTAAAATTCCAAAAAATTAAAAAAAGCATCAAATTTGGTGGATATGTGGCACCACAAATTGGAAGTGAAAATTGAAGATGCTATTAGAACCACTAGTCACAATCCTTTAGCATCAACACAAAATCTTGAATGATCACTTTGTTTGAAGAATAGGGCAAAAAA,TTAAAAAATCTAAAACAAATCATTAAAGTGTATAATTTGCGTTAGCATTTTACCAATAAATTCTTTTACTGCCAACGGTGAAAATTTCTTATTTGAAGGAAGCATTTTTTTGGGACTCAAAAACACGTTTGTATTTAGACAATCGTTGCAAAAAAGTGAGGGAGG
AAACGAAGTAAATGTTGAGATAAGTTAAACTCGATTAATTATCTCTTATCACTTTTATCAAACGAGTCCTTAGATATAAACAATTTATTTAATTTTTTTCAAAAAAGAATTAGTTAATAATTGAAAAAAAAGAAAATAATAAAATACATGGGTGTGAATATGGAA,GGTAAAGGGAAATAGATAAGATGCAATGGAAATTTACTTTTACTGTTTTTACTTGAAGAAAAGGATTCTTTAGTATAAACATAGCGTTAAACTTTCTAGTCAAATTAGAAGGTATAAAAAAATTAATAAATAAAATTCAACATAATATTTTTTAACCCGTCGTTG
TTTTTTGAACAAAAACTATTATCGAACCAATATCAAGACCTCTTATTAGAACCTTTAGTGGTATCTCAACCAACTTTCAATATAATATTTGAAATCCGATTAAATTTAAATTAAAAAAAATTCAAATCAAAATTTTTAATTAAAATAAAGAGTATTTATCATACC,ATGGAAGCATTAAAAAGGTCACCAAGCGTGAAAGAAGGGGATCTCATATAAAAAAGCATGCGGTTTTAAATACCTATTCTTTAATAGTTCTCGTTCGGGTTCGGTCTACCTCATTGACAAAATTAGTTTCAATTATTGAAACGCAGTAAGATGGGGTTAGTGTGA
TATCTATCTACTATTTACGATAATTCAAGGGTATATTTATCTTTTTTTTTCTTTATTTATGTTGTAGGGATATATTTGAAACGGGCAGCTCACCTGCCCGTAATTATTCACACAAAAACCACACCACTACTCAGCTATATATAAATCCCTATTTCTTCTCCATTT,AAGGATTAGTTTCTTATAACATTCGGGAAGTGGGGGTTTTTTCTTTTCGCCATCAAACCTTTATCAATTTGTTGTTTCAAATTGAAGAATTTTTTATGAAGAAATTTCAAAAAAGTACAAATAAGTAAATTCAATCACCGTAAAAAAACTAAAAGAAGTTCCAGG
CATTAAATGGTAATTAATTAATCTTTTGGTATCTTTCATATAATAATAAAATAATTATCCGTTACAAGAATTTATATGATCCTTAATTACATCTACATAAAATTATCATTTCATATATTTTTCTTACCCTAAATTTAGAAAAAAGAAGAAAAAAATGTTTGATGA,TCTGAATGAGTGAATGGAAAGTATTTAGTGAAATATTTTTCTCATCAACAAGACGGTTGAGTATTATTAAGGGATTCGAACGAACTAAGGAGTTAGCCTCATTTTAATTAGTAAATTTTGCGGTTGCTTGTTAGGGTCGTTAAATTTGGAAGTTGAGTCGTTGTA
GATTTGCTGATCTGAGCTCGTTTTCGGTGAAGCTGGATTATAGGTTTAAGTGACTACCTTTCTGAATTACTCTCATTGATGGTGCACGGAAGCTAGGGTGTACACTTCTACTGAAAAAGTGGTACAGAGCTTTATTGCAATAGTTTAAAGTTGGGGCCTCAAAAA,AGTTCTGCTTCCCTTTTTTTTTATTTTCAAAATGAGAGGTTTGTTTGATTGGGCTGACTTTCGGGGAAAGAGTGAATCCCGGTAAGATTGTGGGTTGATTTGGGAGAAAGGGACTTCCCCCTGTTCAACCCCCTACTTCTTACCTTACGGTGGTGAGGGCAAAGA
AACCATTAATATTAAACAACCCTAATTCCTCTAATAGTGATGATAATCACATTATTACAAACAAAGCTAATTCTTCTTCTCCTTCTTCATCCTCAAAACTAGCAAATAATTATAATCTCAACACAATTAATATTCCAAACCCCATTTACACTCCTAATTTCCAAA,TTGACATCAACAATTTCTTCAATATTGATTCCGCACCCAATTCAATCATCATTTCTGAATAGACAAAAGACGTTGATTCCGTTCAACCCCATTCAAGTTATGAAGGTAAATTTGGTGAAAAATAAATTATGATCAAAAAAATAATTTCGTTCATACAACAACTAA
TTCGTCTAGATTGACCCTTTTCGGGTTCAGGTGGACTACTCTCTTGGATGTGCTTTTGATATTGTTTAAAGTCCTCGATTCTTCGTAGCTCAGTCGTTTGGTTTTTCCTTGGAGAATAACAAGTACAAGATAATAGGAAATTTTCGAAACTTAGTTCTTATACCA,CGGCATGGGATGGAGTTGTGTTTTCTGGATTAAGTTATGTGGGATGAGGGAAATAGAAGTTAATTAGAGCGGTTAATAATTATCCATCAAATCTTATTCATCTATAGCAGTCCATAAACGAATTAATTTGAAAAATTCAATATTTTTACGCCCAACCTTCTTGAA
GTAGCACACAAAATGCATGTATAATGTGTTATATACAAGTAGTGGGACTTTGTCTGTTGACTTAAGAGTGTGAACTATTGATAGTTTCTGGCATTAACTTGTGTGACGCAATAAATGGGCTATATATACATCATCAAAATTGTTGAATAGACACACAAAGCAAAC,TTAAGAATATTAAACTCGCAGCTTTTTATGGAAGTGGCTTTTTGGCATTGGGGGTGAGTCAATTACGCCTCAATAACGTGGGAGGCGTGAACCATAATTGATAGTGATTAAGGAATTGAGAGTACCGGTGGAAAAAAAGTTTTTTGAATAAGGGGTACAGAAAGA
TATCAAATTCATTCATAAACCAGACAAGCCTAAGGTTTCTTCTCCTTTCGCACAATAATATAAGTGGACAGATTGCTTCAACTATCTGCAATCTAAAAACACTAATAGTTCTAGATTTGAGAAGTAATAATTTGGAGGGAACAATCCCACAATGTTTGGGTGAGA,ATGAACAAGTAAAATCAGACAAAAAGAAGTTAATAGAATTTGGGGACTTCGAAGGTACTTTGGATTGAAATTGATTTAGAAAAGCTTGGGTTTGCATCGTAGTTTTCATGCACGACTTCAAAACTGCCTTGTAACAAAGGCAGACGAGGAAGAGGTTGAGGTGGG
CATATGGGCCTCACAATTTTGAACGGCTCCTTAAGAACTTGACCCAATTAAGAGAGCTCCACCTTGAATCTGTCAACATCTCTTCCACTATTCCTTCAAATTTCTCTTCTCATTTAACAAATCTACAACTTTCACGTGCAGAGTTACATGGGATATTGCCCGAAA,GGTGACTTGATTAGAAAGTTAAATTAGAAGTAAAAAGGTCTGGATTAACCCTGCTTTAAGGAGTTGGGGGTGGAAGGAATTGTTGATGCGGCAACAATACCTAATCTCATTAGTTCAAGCCCAAAACCATTTGTTTTTGCACCACTATAGTAGATAGGGACGTAA
TTGAGTTGTGTGGTGGTCCTATTCCTGCAATCCAATTAAGTTGGCAAAACAAATAAGGTATCACACAAAATGCATGTGTAATGTGTTATATATGTAAGTGGTGGGGACTTAAGAATGTGAACTATTGATAGTTTCTGGCGTTCACTTGTGTGACACAATCAAAAT,TGCTACCACCGCCATTCCCTTAGTTCTCATTTATATATCATTTTCGTTGAGCAATTGATGAAATACGAAAAATTTTACCGTGTTTGAATGCGTTAAGTTGGGAGAGGAAATTACTCCCATTGGCTCACTTTGACTTTCAATTGATTATTCATATGAATTTTTTGG
ATCAACAGGTCAATTCTCGTGGAAAATAAGCTCGAGGTGGGGCACTATGTAAGGCGCTGTATTCAGAGTAGATTTCTAGTCTAAACTGAATGCATTAGGAAAATGACTAGGTAACTAGTACTAAATTATTTTATTTGTGCTATATATACCTCATCTAAATTATTG,GCGGACTTTTTAAATTTCCCAATTAATGGGGTAGAGGTTTCATCTATTCTGGAGCGAGAAAAAAGGCATGACGTTGTTTTTCTCCAATCAAACTCATAAGATTACTGAAATTAAGTTATTTAACGCATTTTAATTGATTAGGGATTGATGAGTGGCATAGGGTGG
AGGTCAATTCTCGTGGAAAATAAGCTCGAGGTGGGGCACTATGTAAGGCGCTGTATTCAGAGTAGATTTCTAGTCTAAACTGAATGCATTAGGAAAATGACTAGGTAACTAGTACTAAATTATTTTATTTGTGCTATATATACCTCATCTAAATTATTGAATAGA,CAGGCTGTTATATTTTTTGATTAAACGCAGGAAAAGGTGTTGTTTCATTGGAAGGGTGGGTAATGATTTGGACGAGATCATGTAAAGGTAAACAAATTTTGTTCTCTAATTGGTTTAAAAGTTTGAGTTGAGGGTTTGGGTTTTGTTAAGACAGGGAGCTTTTCA
AGAATTGATTACTCCAAAGTAATAACTAAATCTGCATAGTGAACTTCGTTCCTGAGTTTGTGCTATATATATCTCATCAAACATAATGAAACATATAGACACAGCAAACATTTCTTGATTTCTTCTCTATCAACTTAACTAGTTTTGATCATTTTAGTGCAGAAA,GGAGAATACTTTAATAAATACCCCTATAAAAAAGATTAGTGAATTTATTTTTAAGGGAGGGGGGAGAGTGTATCGTTTCGTTAGTGCAAAACCCACCCAAAAATCTGGACTACTGATTTAAGCCCAAATTCGTAATTCTCATTTATTCAACTTTCCTAAATGAAA
TAAAAACCCCAAAAATATAAAAAAATTCATACCGAATCAAATTAATTCAGTTGTTCGATTTTTCGTCGGTTTTAATTTTAAAGTATTGGGCCAAAGCCCAACACCCTTTATAGCCCAAATATTCAATTCCTAATATTTTTAGCCCATACCCGTTAGGGTTTAACT,TTGATAGAATGAAAAACTCGGTAGTATTGGTAAGTCAACATGTCGACTCACTTGCATAGCTCAAAAAAGTTGGCATTGATTAAGTAAGTTAAAACAATTAATGTATAATTCTCTTTCAAAGGTCATTAGAGGCCATTGTAGAAAGCAATAAACAGGGGGTGATAG
TATATAATGACGAAGAACGATACAATATATGCGAATATTAATTCAAAGGGGTCGGATTTAAACATAATAAAACTTTTGGGGGTACAAAAATGATTTTCACTTAAATTGGAGACCATGAAAGGAAAATTATACAACTTTATATAGCCCCTTTTTTCCTTCTCATCT,TAGAAACGTTATAGAAAAGTATTAGCTTTCCGCAATTTTTGGAGTGGAGTTGTGCCCGTGGAACGCTAAAATACCTTTGTCACGAAAGAAGCGCTTTAAGTAAGTTATAGTGTATTCTAAATCAATTGATTGCAATTGAGCTTTAGTGGGGCTGAGTGAATTGAA
AAAATATCAATACGCGCTGATTTCATAAGATAGTGTCACGTAGGCCGAAAAGGGATAGGAAATTATTTATAAAATAAGTTCAGGAGGTAATATGACTTTAGTATAATATAAGTGTGTCTCTGAAATTTCAAACGTAGATTGAAGGGATACTTATACATTTTCTCA,GCGACGTAATATTTCAATGTGTGATTACTTGAGTGGGCTTAGTCTGTGAAGTTAGACTTCTGAATATTTTAAGAAGTAAAGTAGATGCAAGAATTCGTTGAAACTTCAATCATTGGGTAACCAACCTCAACGTAGGTTTGGTTGGGGGCTTTTGAAGAATGTGGC
AATCTTTACATTTGTATCATTTAAATTTTGAATTTGCCTCGCTTCGACTAAATGACTCCTAAGGTTAAATAATTTAATTTTAATTTTTATTTTTTTAAGATTTGGAATCAAACTCCAAAACGACATCGTATTAGAACAAAGTAGTATCAGCAAAAGGCTTCCACT,GCAAAATTAAATCCTAAAGCGGAGAGTGTCAACTTAATTACATGTTCTTCGAACCTAAAAGGGGTGGACTGATGGGCGGTAACTTAATCTCCTCATTTGATTCGCTGGACCCCGCAAGCCAAATAATTTTTAACAACTAATCAAATAACCAAATGAGGTTTGGGG
CTTTGTTTGAACTTTGTTATCATCTTAGTGGTTAACCATGTAGAAAATACATAAATATTGAGGAGGATGGGATGTCAAAATTGCACTATAAAAACCAGAGATCTTTACTCAACTATGCAAAACAAGTCTTAGTTCTATCCTTTCTTTTCTCTCCAAGAATCACAA,GGGGGTTGCCGACTTTGCTTAAGGTAAATGCGAAATAATCAGAAAAATCAGAGAATCAAGAGAGTATGTAAGATTAATTAGATAAATTGGTGAGCACAAGGAAGATAGGGAGGTAATTCAATTAAGCCCAATTACTTGCGTTTAATTGGTTTAATCAAAGGGCAA
GACTGAAATACAATTTTATGAATATTAGAGGGACTAGGAGTGTAAATTCTCCTTTCGATAAATATCTAAAAAGTACGATGAGTTCAGTGCTTAGAAAATTACCTGCCGTGATCCCTTCATGGTAATGCAACTCCTGAAAATCGATGAACGATCTTACGTATTCAT,TAATGAAACTTGAATCTATTAGATCTAATACAATTAACTAATTTAATGATTAGTGGGATCCCTTTTCAATTATGAACGTGAAGGAAACGTTCTTGTTTTATATGCATACCTCACTTTCAAAGCCTGACTCACTAACTCAATTCCATACTCCAAACTTTTACTTTG
TTTTTGTTTGCTATATGTGAAAATTGCCCTATATAATTTTCCCTAAAAATTAAAGACCACAAAAAATAATCAAAATAGCCCAAATCTCTTCTTATTGGGCTTTTTTATGTTTACCATTTGGGCCTCAAAAAGATATTTTTAGTTATTCCATTTCTATACGTTTCT,TGCTTTCCCAAATAGATCAATAAAGTGAAAACAGTTTGCTACGCTAAAATTATAAGGGAAACAACTTAACCGATTACTTAATGTATTTGATGAATGACTACTCTTTACCAGGTGCTTCTCCCGTAATTAACTTCAAGTGATTTAGATCAAATGATTAATGGTAAG
TTGTGTTGATCGGGCTATTCAAAAATGTTGATGGGGTGTTTGTGGACGATCCTCCAAAAGCAGTGTATTTTTGGAGGAATCGATACGGGTGTGATAACATTTTTGGAGAGTCTAAGTAAATATAACTTGATGTTCAATTTGATCATGTTGTAGGGACTAAGCTAA,GGTGGGGTTAACTACCAAGTCCAAAGTGACTATTGGCACAAGCCCTCATGAATTCGAAATTAAACACCTTTTAATTAGGGCGTTAGTGTTGATTTCGTGGTTGGTTGAGGAGGTTTTAAAAGAGTATTCAGTTTAATTGAGTGGGTGCCCTTGAATGGGACGGAA
TAAAGCTAATTATTCGCATTAAAATTAAAGATATTTTTAATATATCATTATTTTTAATACGCAAAAGTTAATTCGAACGTCACAATTATTATAAAAAAAAAAAGAAGAGAGAATTATTAATGGCAGGATAGTATATAGTATAGTTGAAAGAAAAAGAAGAAAAAT,TAACAAAATTATTTCACAAAAAAACTTAAGGTAGTTAAGTTTTTTAATTTTTTACCAACCTAAACAGGGTGCGGAATCGTAAATAGATTAAACCAGAAATCAATCGTTACAAAATTTTAATTGGACCCTATTGAATGATTTTTAGTGAAAGTAACCGAAGTGAAG
TTAATGATTTTGTTAATTTTTTTTTTCAAGTAGGTGAAAAGATTATATTCCAGCTGTAATCTTCAGTTTATAATTTTGGTCTATAAAGAGAAAAATGCCTATCACTGTTTTGAAGTTGCTGTAGTTCTAACTTCCAAGCACTAATATTTTTACTTTTTTTTGTGT,GGAAAGGGGTTTGGGGGGATTTGATTGGTGAATGCAGAATGATAAGGTTAAGGGAATGTGAGTGAACGTTGGAAATTTCTTGCAGCTGAAGATGGTCGTAAGTTTCGATGGCCGGATGGATGAATTGGCAGTGGTCTTAAGCTGGGAGAATAGATTCAATGAGTG
AGTACATGTTATATGAGCCCAACAAGTTATATTAGAAGTGATCTTATATATATATTTTTTTAGTTAGTTTCAAAAAATGATACATCTTTTTATTTGATAAATGTTTAATAACGTTGTCAACATTTTATTCATATTGAATTCTACTTATTTGACCAAAAATCTTTT,TATAAGTTCAAATATAGAAAAAAAAGAAAAGATTGTAATAGTTTCTTCGCTTCCTTTAGGGGTTAATTGAGCGACATTCAACTTAATTAACTCGTGCCTCATAATTACAAACCTTTGGCAAAGCAGTAGTGCCGACTTACAACCTTAGGTAATCAAGGAATTGCT
ATATGTTTTTATCGTCATCAATTTATGCTTATGTTATTAAGGATAAATGATAAGATATTATAATTTTTATTTTTCTTTTACATTATAAATGTTTGTTAACGACGGATCGATTTTAAATATTATTTTATAAATTGTGTAATATTAAATTCATAATTTTACTAGTTA,GTGTATTAGACCCCTACAACAGTAAATTAACGTACAAATTTTAAGAAATCAATTACATATATCACCTGTATTCATTTTCCTGTCCTTCCTCTTTTTGAGTGATATTTGACATTTAAGGAAACTTCTCCACCCAATTTGACGTTTTAAAGGAAAAGTTTTTGAAGA
AACCTATGTTCTTTTTCATAATTATTGTAATTGGTATACCCTTTAACCACTATAACATTACTTTTAATTTTTTTTCATATTAAAATAATTGAACATTGTAACTTGACCATCTATAAATAGATTGTTCCAATACTTCACATATCATAAAAAAAAATTCCACTTCAA,GTTGAGTTCTTTTTTAAATTTGCTATTGGAAAGTAACCACTCAACCTCCAAAGCCAACTTGTTTGATAGTTAGGGGAGGATAGGATTTGTGGCGAATTTAATTATGGGAACGTTAAACAAACTTGTTGGCTTGACTTGAATTTAATCTTTCAAGAGTTTTTAAAA
ATAAAATTCACCTCTATCCGCTCTTTGCCCTCTCTTATTTGTATCTCTCCCCCTCTCCCAATCTTGCTCATCTCTCTCCTCTCTCTAACATGTGGTTAAGAATCGCAATTAAATATTATAGCTATGAAGCCTAACTAAGTTATTTCTAATGGCTACTTGTGAAAT,GGGGGGTGATGTAGGCCAACAATTTGGAAGAGTTCATTTTCTTGGGTTGGGGGCGATGTAAGTGAGGTTCACCAAGTGGGGACTCCAATTTACTGATTTTGGTTAGAGCCCCCCATCTTAGGTAAAGTTGCAAAAATGAGGGGATAAAGATGAAAGTGAGTCCGT
AATTTGGTTTCAGAAATTCAATCGAGTTTGAGTTTGTTGTAGAAACGGATTTGGGGTTGTTTTTGTATGTTTAGGGTTTTGATTATGATGATGAAAGTATAAGTGATGTGTTGCAATCGGAATCGGGTTGTTGTTTTTGTTCAATTTTATATGGGTAAAAAAGAA,ATGGATTGTATTTACAGTAAACTTACTTTAAATGGGAGTTGGTAAATTGTATTAAATGATGGGTTATTGTTTGACTTGTCCTGACCTTTTTACCGAAATTAGTTTTTGATTGTTCTTAGAGATTGAATTTCTTAGCTGCACTGCCAGTCAAAATGCAAAGTGATG
ATGTGACATATTTAAGGAAAGATATTTTGATTTATTTAACTTAACTTTAATTTACAATCATAAAATTAAAAAATATTCTTTTTTTTTTAAAATTTTGTTCAAAGTCAAACTAGTTATCTTCAAAGGGAGTAATAAAAATCTCTAACTTTTTTTTTTATATGTAGA,TGCAGGATTAATTTAACTAGCATTTTTTTAATTTGTAACTTTAAATATAACATCCGAATTTACAAAGTTGAAATTTATTTTATTGTTGTGGTTGATTTAGTCACCTTTATTACTGTTGGAAAATAGGGTTTAATGAAGGTTTTGCATCCCACTGACTTCTTCGGG
CGTGATTTTATCTATTTTTTACAAAGAGATTATTTTTATGACTCTATTTTTAAAAAAAGAAATATACTTAATCTAGAAAAAAAAAATATCTAAAATAATTTAAATATTACATTTATTTTTATTGAAATACGAATCTTGACGTAACTGATAAATTAAAAACCTAAA,GGATCTTACTTACTTCAATCCCTGATGAACAACTCCTCACCTTTTCGGTGAAAAAAAAGCATGGGACTGGTCCTGACAAAAGTAGCAGTGGAAAAGTTGAATACTTTGATTATCCCTAAGCCCCACGATGGAAAAGTTGATTTTTGTATAGTTTAAGAAGTAATG
AGTAGCTAGTTTTGATACAAAACAAATTGTATTCATCATACAATTATCGATCAAATATCTCTTACGTTTCTCCTTTCGTCTCATATCTCTCTCTCAATCTCACTCGCCTCTCTTCCTTTCTAATATATATCTACGAATCACGATTAATTTTTAACTATAGTCATT,CTAAAGTTGGCGAAGGAAAGAAAGCTTTTCAAGGAGTATATTAATTTTATTTGAATTTGATTTCGGCTGCCCCTTTTTTCACCCCAGCTCCTTTTATCCTCCTGCTCAATCTCGTGGACGACTACGAACTATGAAAAGTACATGTTGAATAAGTAATGGGGGAAA
CTCGCCTCTTTTCTCCATATAACATGAAGCTACAAATTGTAATTATCAGACTATAGCTATGGGAGTAATTGATTACGGATATATGTAAATATTAATATACAATAATACAATACATTATAAAACAATATGTAATAACTATTCCGAACAAAATGTATAAAGAAAATT,CACGATCGTTTTTTATCAACAAATTATAACTAAGATCAGAAAGATTAATAATAAGGGGAGTTGAAATTTTTTTTATAAAAGATGCTTGGGATTGTGGAAGTAATGTAAAAAATTATTCAAATACTGGAAAGGAATTTTTAGGCGAAAACAAGTCTGAATGTAAGA
GCATCAAGTCAAATTTAACCAGATCTTGTATACATCTAATAAGATATCAACAAAATTTAAAAAAATTACGTAAATAATATAATACGCTCAAACCCACGCCCACTCACCCACTCACCCACCCTAATTGTTGGTTAAAACTCAATTCATCGACAAAAATCTATGTTG,GGATTGGCTAGAAAGCAACAATCATTTATTAAAAGGAAAAAGGAAAGGGACTTTCTAGAACAGTTCTTCGGGAGTTGGTGGGTTAAGTGAAAAGGGTACAACATTGAATAAAGTCATCAATTCTCATAAATGGTAAAATTAAAGAGGGAAGAAAGGAAGTTGTAA
TAGAATATATTTTAAATCGATAAATTTAAAATTCTGAATTCATCTTCGTAATATACTATTCAACCACAAACATTTTTGGTGGTAGCTACATGACATATGTAACCAAGAGAATTTCTACTTCACTTCTAAATTCTCTATAAATAGCAACTTCTTTTAAGTATTCTA,CCCAATCCTAAATTTATTCCAACATGTAAAAAGTCTGATGCAATTTGTTAAAAACAACTTTGGACTCAAACATTCTTGAACTTACCTATCCTCCACAATAATGAATTAAGGTGTCGGATTAGCATAAAAATCTGAATCAACAATTGAATTCCTCTGGGGGGTTGA
GTCATTGACCCAATTTCTCAAAGTCTTTAAAAAAACAAAAAAAAAATAAAAATTGTTGAGGGTCAATATATACCTTTAAAAAAACCACAAAAACTTCTCAAGAGTATTGTTCCACCACTTCTCTCTACTCTCATTTCCCATCTCTTCTTTCTTTCTCTTCGAATA,TAGAGCAGTTTATTTTACCAATTTTTAGAACAAAAACAAATAAAAATTAAACTCTAATCATTGCTTAATTACCCGATTTACAGAGTGGTAAAGCTTATTGAGAGTTTACTCCTTTCCACGCCATTTAAATTTTAATCGAAGGTTCGGCGATGTGGCAAAATTAGG
TTTTAGCCAAAAATAATTCAATAGCAATTAATTATCTTTATAGTCAAATAGATAATATTTACATGGCCCACATGTACACGTGTATAGCCAAGAACTCGCCACGTGTCCAAGAAAATCCCTTATATATCTAACTAAAAAAATTAAATAAAGTAAAATATAATAAAA,TGAAGTAATAAAATAGACTAAATTGGACTGAGCGATATTTGTTAAAATTTTAATTAATTCTAGAATATTTTGGGATTATGTGTGGGTTGTTGATTATTTGAATCTTTCGGAAGATAATTAATTTAAGTATGAGAAATCAAAAAAGATCAAGCAAATAAAGTGAAG
ATGACAAAGTTGAGGGGTATATATCTATAGTGATATTAAAGTTCAAAAGTATATATCTATAGTGATATTAAAGTTCAGGGTCTCTTATTGCATTTTATCCAAAATAATAGTTCTAAAACAACAATTCTTAAACTTTAGCTCCACTTTCAACCCGAAACGCCCAAT,TAATAAAAAGTTTTTATTCACTTATTAATCTTATACCAAGTTTTAGCAAGCTGAATTGAATTAATAAGTTGAACTATGAGGAGAAGTAACTAGTCAGTTGTTTAATGGTGTCCGAAAACACCTCTGGGGAAGCTTGTTGGGGGGTTCCAAGATAAGGGGGGGATG
GGTGACTCCAAACTCGGGTGTCGATATACTTGGGCCCAAAAAAAGGAACTAAGCCCAATAACATTCTTTAGGCCCAAAAGTACCAGGCCCATCAGATCTTCATTTCCCTCTTTAAGGCCCAATAAGATATTGTAGGCCCATAAATATTAGGCCCAATAAACAGCT,ATAAAAGGACAGTTTCCGCTACATGATCAAAAATAGAAAAAAGGAGGACATAAGCAAGTTAGGTCAAAGTATTTAGGAAGGTTAAACTTAATTTATTTCATCTATATAGGTGAGGGGAAGAAGTGATAGTTTGAATTTTACCGCGCTAGAAACCTAACCCTTTTA
ATTGAATATAAAATTTGTATGTACTTAGCTTATATATATATTCGTACATAAAATTTACAAATGAACAGAAATATGCAAATTGCAACCTCCATAGCAAACAAAATTATAACAAAGAAGCTAAATTATCGAAACGTAACTTATAAAATTAGCAAAGATTGATTCTTA,CTAGGGGATTGTCTGCTTTTATTACCTCACCATTATCAACGCTCAATTAAAACAAGAAAAAGACAAAGAAATTATTCGGTTTCAAATTCAGGAATACCACTAATTCCAAAAAACAATTCGAATTACTTAGAATACCAATTGAAACTTTCAAAAATTAGGGAGTGG
AAAATAACGGTTACGAGCTTTCCTTATCATCTAAAAAAAAATTGTAAACAAAAAATATCTATTCGAAAATAATATTTCTATAAAAAATTTTCCATATTAAAACTCGAATTTAGACTTTATCCAATAAAACAATCTCATCATTACATCGAATTTAAGTCACTTCCA,CAATTATTATGAGATGTTGTTGATTGGGACAAAAAAAAAATGGCCGAAATGATAAAAAGTCATTTTCACAAAATTGTGATTCAAATATATCAGTTATGTGAGTGGGAGTAAGCCACATGCGCCTTAAGAAAGCGATTACTCTCCCACGACTTCAAGTTCTTATTG
CTAAAAGTGCTCAATTTTGTCAAACTTAAGGACTAAACTAATAAAAAGATAAAGCTAAGGGTGTACTTTGAACCTACACCTAAATATAAAGGACCATTTTTGTTATTTAATAGAAGTTGACTCTGAAGTTTTCATCTATATATATATATATATATATATATATCT,ACAAAATACAATCTTAGGTAAAATGGTTTGGTGAAAGAATGTTGTATTCATCGATTAAATATGTTAGTTTACTGAATTTCATTAAATGAAACAACTCAAATCCTTTTAACGCTTAAGTGATGATTGATTGGGGGGGGAAGACTGTGCAAGCCATTGAGAAGAATG
ATAATCAGTTCGTACGTGACATAATACACGTTCGAGTGCAACGTATGTATGACGAATGTGTCTATCTGACAACACGTAAAGCTTATCAACTATTTACGATCAGCTAATCCAGACGACTCTCTATTTAAAGTAGTTTACTTATGATGTCTCAAAAGCACAACAAAA,ACTACGCTTTCATTCTGTATAGGTGTCATTCATTAAGATTTGAATGGGGAATTGTTGATTGGATAAAGGATATTTATTAAATACTTCTCTAAATATCCCTGATTGACAAAAGAGTGGATTGAATTACCACTGTATCATCCTAATGTAATAAAAAAAACGGAGTAA
ATATGCATACATATTTATAAATTGTGAAACTCAGTAATTAAAACGAGCGATTAATTTGATATAAGTTCAGAACTCATAAACTTTAAATTCCGATTCAGCGTTCGATAATATCTTGAAAAAAATTCTACATGCCCAAAACAATTCACACACATAGGTACCTAAGCA,TTAAGTGGTCATGCCTTAATAATTAATAATTAAGAGGGAGGGAAATCTTAAGATTTAAATTCAATTACTAAAGTAAAAAAAGTTTGTTTGGGGTGATGAGAGAATTTAACTGTAGCCCAAAATCACGCACCCTCCCTGCATTTAACGGGGAACAAGGATAGAGTG
AAAAAATTGATTACATTTTTTTTGTGAAAGAGGGAATACTTTTTTTTCTTCCAATTCCTTCCCTTGAGGTAAAAAAAAAAAAGGATAAATGGTCAAATAAAATAATGACTTCAAATAAATAAAAAAAATAATTATTTTTTTTAAAAAAAAGAAGAGACAAGTTCA,CAAAACTTTCTAATCAATTGTCATTGAGGACGGAAGTTTTTGCTTACTTTGGAAGTGGTTTCGGTGTACGATTCGACAAATAATGGTAAACTGCATTTTAGTTATTTTGTTGAGGCAGGGCAGAAAGTTAATTCCCTTGATTGAACAAATTAATTCAATTATTTC
AATCAGAGATAAAAAAATACTCACCCGCAACTCCGATGGAGTTTTTCGTTTCAATGTGGTAGTAGTGACCTTAGAACTACCACCACCAAAATTAAGTGCATCTGATTGATGTACCATACCCGCAGCAGCAACCTTCGCAGCCATCTTCTTCCACTTCAACTTTAG,TTATCCTGAGTCAATGAATGAAATTGGAAAAATTACCCCATATTACAATCGGAGAGGAAGGAGGGGGATGAACGGGGGGGGGTGGGAGACTATTATTAAGGATGATCGGTTTTAGACTTTAACCTTACGGAAATGGTTGAATTCAGAACTTAACCCGAGTTTTAA
TCACAATTCCATCAAATGCATTTGATTATACATTAAAAGTAGCTCTTTCTACTCCAATTACTCCAAAAACTCCTATCATTCCAAAACCCAAACTTCCAGCACCAAAGGTCGTTGCTGTAAGTCAAAACGTACCGGCATTTGTTAAGGCGTCATTGGTTAGCACAA,GTATATTTAATCAAATCTTCTTTCTTCCACAATTACACGACCTAGGTGCTGTTGTGGCACAAATAAGATTCTATTATTTAAGAAAAATTAGTAATAGCAAAATATCAACTAGATAATCAAGTAGTGCAAGTGGGAGGATGTTAAATGGTACTGGTGGCCAAATCG
GAGGTGCTCCTTTGCTTAATTTCCCGGCGAGGTGCCCCTTTGATTAATTTTCCGGCAAGGAGCTGTTTGATAAATTATCCGTAAAGGGGCTGCTGAATTACCCGGCAAGAAGCTGTTTGCTTAATTATTCCGTCAAGGCTGCTTAATTATCCGGCGAGGAGCTGT,ATTGAAGGGGTTAAATAATTCTTTTGGAATCAGAGTTTTGGCGGGGGTTTGGTGAGTGGGAGCCCTCTGTTATGCGGAACCCAGAATTTTTTTTCCGTCCTTAATTTAAGAGGCTATGAGTGAATTTTCTTACGGGGGGGTTTGGAATTAAAAGGCTGTGGAACG
ATATATGAATTTTTTGTGTGAATTTAGATTTATCCGAATTTTAATATACATATCAAACATCACGTCAAAGATAAAATTAAAGTAGGATAAAGATTTTCTATTTTTGGTCATATTTGACACTTACAAACACTATATAGGATTACGAAGGATTCTAATCTTAAAAGA,GGACGGTGGTCTTTGTGTGGTTTTTATTGTGTTAAAACGGTGAGATTATTCAGGAAATGATTATTAAAATTTAAATGGTGAAATGGAAGAAATAAACGCGACGGTTTACACTTTTGCAATTCCAAAACAATACATTTCTGTTAATACACTGTTGTATTTGAGGGG
CTTGCTTCGCGTCAATCACCATTTAAATTAGAATTCAACTGACATTTTATAGATAAATCAAGATGTTTAGATACGCATATTAAAAATTGAAATGCTTACTTGTCAACCGAGGTCACGTAACGTTTGTGTATGTATTATGCTCAAATTTATAAATGTTTGTTGGAC,CCATTTATTTATCAGGTTGTTTTGATTTTTCGCATTGCTTCTTCCTGTGCTCATCAATCGTTGAATTGACATTAGTTCCTCCCCAGTTAAATCGTCCCTTGAGTAAATGGGGCTGGATGATTTCCCCCCTTTTTTATTGATTGATTAGTGGAAACGGGTTGATTC
AACCCACAAATTCACTCCATTCATCACCCCCACACACAACACACACATTGTGTTAAAAGACATCACTAAATATAGAAGAATCAAGAAACCAAGAGCAAATTTCAAGAAAATAGAAGAGAGAAAAAAAAAATCAAACTCTTTTCCTTCTTTCTTCTTCAAGTGCCA,GGAAACTCCACCCCTCAAGTGGTTGAATTAATTAAATGAGTAGCATACGGTTTTAGAAGGGGTGGGCCACGCCATATAATGATTTTATTGAATTCTGAATGAACGTATGTGACCGACTAAAATAAAAAAGAAAAATTGTATTATTTCATCCTTACCCAGTTACGG
CACGAACTATAGGGCTCATTCGTGGATAACGCTCCAACGAGATTTGTTTATACCCAGGACTCGAACCCGAGACGTAAATAAGATCTCATATATATATATATATATATATATATATATATATATATATATATATACAAAAACATCCTTGGCGCCACTATCAAACAA,CTGCAGCCTGTTCATAAATTGGATTGCTGAACCTATAAAAGGTAGATGTAATTGAGAGGGTGCAATTGTGGGGGGAGTTGAGAGAAGATGTTTGATTAAGGACCTTTTATTTTGGTCTATCAATTTACTCAAATTATAAGTGCTCAGAAAATAAAGATGGGAGGT
AATATGAAAATATTTGATTTATCAATTACAATATTTTACGATATCTCGATATCATGTTTACGAACTACGATTCACTCATTTGATAATATTATGTAAAAAATGAAAAATTAATAATAATTTTCATGATTTATAAGATTTTCATATTTATAATAAAAAATAAAATTT,GGTGGAATCAGTTTTTCCTGTTGAATGACAAGTCTCGTTTGTAAAAGTGGAGTGAATCTGGAAACTCACTGTTAAATTCCTTAAAGTTTGGTTGATGAAATGAGGATGGGATTTATTTAAGAGAGAAAAAGTAAAATTAAAAAATTTCACACAAAAATTGTTGCT
AATTAGTTAGTTAACTCTAATGAATCAAAATATGACAAGCATAAATAAACAAAATGAGTAAAAAAATAACAACAACGTACTCAATATAATTTTGTAAACCATAAATTTATTGTAATACAGATATCAAATATCGAATAAAAACCAAGAAAGAACAAGTTCTTCACA,AATTAGTAAGAAAAATCAAAACATTGACTATTTAATTAAATCAATTGAAACAAAAAAGGAAGAAAGCGGGCCCCGCCCTCTCGATGTTAATTTGTAAAGTCAGATTTGATTTTTTTTTACACATTCACGGTCACACAAGGTGTAAAAAATTAATCTCTTATTATG
AATATTTTAGAACTTTAAATTAAATTACTCAAATTTTTTGTATTATCACATTAAGTTATTATAATAACGATATATAAGGTAATATTTTCAAACACATGACTAACATCTCATTAACCTAGTTTATGTTTTGTGGTCTCTTAGGATTTTAAGAAAGAGTCGATATGA,TTATTGGTTGAAATCACAGAATTATTTTATAATAGTCATCTTCGTTAACTAACCGAATCCCAACATAACTAACACACTTGATCGATGGGTAACTCAACAATCACAACATTCCATCATTGTTTTTTTGTGTTTAGAAGTTTGTATTTCATAAATCGGAGACGAGAG
AAGTTTTTCTCTATTTCTCTTACTTTTCCGTGTTGAGTAACATCAATAGTGACCGATAGCACTAGCAGCAGCATCTCTTATCATTCTTCCAGAAGTTTACCCGTTCTCTTATTCATGTTTCAGATATGCTATTATCAAGAACACACTGAGCTAGGCGGTCGTAGA,GGTAAGATGTAAGTTGAGTCTTGATCCAATTAACTAAGCAGTGTATTCAAGGTGGCGAATTGGGTAAGGGGGTTTGGTGGTAAGAAATATAAATTGCGGATGCTTTACTAAGGTTATGAAGTATATTTAAATGAGTAGGTGAATAAAGTAATGTGATCTCTCCCC
TGTATAATTATAAATCTATAAGATGAGAATATTTATTTTTGTATTTATATATATATTTTTCTCTCGCTTTATACAAACACAAATGCATTTTATACATTATATATCGAAATGTATAAAATGACTAATTGTATACCGAAAATGGCTAATTATATACCAAATCAGATG,GCGGTATTCCCCATTTTTTGAAATCGAGGAAATTATAATAAACGTTTTCACCGTACATTCTGGGAGCATTCTTGGGTGATTAAATAGTTGGTAAGTTGAAAGCCACTTAATAAGGATAAAGTTGATGAGGTGTTCAAAACCATCAAGCTTTAAATTAGTGGTATA
CCAATATGGATATCGAAATCGGAGATGGACCCCATAACTGTCTTATCAAAACCTCATCTTTTATCTTCTCTCACTGAAATTTCTTCATTGGTAGAAAAAAATTGGAAGAAAAAATGTCAGTTTTTTCTTCTTCTTCTTCTTCTTCTTCATCACTTCATTTCTTCA,TAAGGTAATTCTCGTATAATTTCACTTGTGAATGAGGCTAGTTGAAAGGAATATAGTAATTGCGAATTGAACGTTTTATTCATACATTTTTTTCAAACCAACTTTCCCCCACGTCTTCCACAGTACTACCTACCTTTTCATATGTTGGGAAGGAGTAGGGTGGCA
CTGTAATACCTCTCTTCGTTCATCACTCCAAAGGAGTTACTCTTTTTCCCGTTCCGTTATGGCTTATCGCCCGAACTACCGAGGCGGTCGCCGCGGCGGCGGAGGACGCAGTGGCGGAGGCCGTGGTGGTGGTGGTCGTGGAGGAGGAGGAGGACGTGGTGGTGA,CCTTTCGTCATTGGTTCAGATTTATAACTGAAACATGGTGGTTTATTAAGTAGTTGAATAGAAGAATTATGCCACATTGGCGGGATCACTTTGATTGTTTGAAACTAAACAATTCTTTGATTTGAGCTGGTCAAGTCTTAATCACTTCAAACAATGGCAGGGGGA
CATTATTAATGATGAATAGAAATGATACTATACGATAAAATAATAATCTCGGAATAAAATGGAGAATTATTTTATTTTGGGTTGTCACTTGTCTTATGCACACTTGGTTAACTCCGCCATTGCAAGCTTATATTAGATTACTCTGTTTTCCTCCGCCACAATCAA,GTCGGGTCTTTTTAATTGATGGTTAGGATTCGTTATAGAATAGATAGTGGTAAATAAATTAACCTATACTTCGTTCCCTAAGGAAAAATTGCCTGATCTATGAAATTAATTTATTTTTCAACTCACCACTTTCTATTGTGCTTCTCCCGCTCAAAATTCATGATC
GATAGACTTGGTAAAGTTATTATAAAGTTTTTATTCCATCTTTTTTTTTAATAATAAATTTCATATTTTGCCGTGTTTTTGACTTTTGAATATTTCTTACTATTCTCCAACTATTTAGTATATATAAACCACAACCAAATCCTCTAATTTCCAAAACCAAAATAC,CCAAAACTAATTAAAAAAATGGATAGGTTTCATTAATAGTAACAGTTAGGTAAAAAAGTTGATCCTTTCAAAGTTTTTACCTTTTTGCAACAGTCTTTATCCTATTGAAAATTTCATTAAACAAGCCATCGAAGAACTAATTCTCTACTTTAACACCAAAGGAGG
AAATAATTAACCAAGTTAGTTTAGATGGCTACACATTTGATTAAAGTTTTTTTAATAAATACCCTTTGAAAAGTCTTCTGCTATTGCCTATTGGCGTGTTTTGACTTTGAAAAACTCAAATCTCCAACTCATATATATACCACAACCAAATACTCTAATTTTTCA,AGGCATTTTCCCCAAGAATTTTTGTGGGACAATTCACGTTTGAACCCCTCTTTCTGAACACTTTGCCCATTGCAAAGAATCATTCCCTTGCTTAATGGTTCGGAGTTGGAAGAATTGAAAATCCCAGGTGAGGTAGTTCTTGTCTGGAGGGGAAGTCTTTTATTG
GTGTAAAGTGAGGAAGGCCAGGGAGAGATGACTGAGAGCGGCGAACGAGATTCCAGAGAAAGGAGAAAGAGGCAAATGACAAGAAATTTGCTGCGAATTGAAATCAAATGAAACTGTAGCTATAACATTTATTTTATATATTAATAAATTGTATGCAATGTTCAA,TCGGTGGTTTGCGTCTTAAGACCCAATGAAGAAGGAAAAACGCCAGTGGAGGAATATAAAGGGGTGCACAGTTGGTAGAAGTTTAGGTGATTTTTAATTACAGTGTAATTAATTGGGGTGAGTCAACGTTGAATAAAGGTGTTTAGTAGGAATAAACAAATCCCC
GTCCCAAAAATATGACGGAGGATATCTACATACTATATATTATATTCGGGGATATATATATATAATTATTATCTTTTTCCTCGAAAGAATACATCCCTCCCCCCACCTCAACCACCTCACCCCCACCCCCTCACCCCACCCCACCCCCACCTCACACACACTCAT,TCCAAGCAAGCGCCCTTAAAGGGTCGCAGGCAAACTTACACTCATCATCCTGAACCAACCCGTCAACTTGAGTGTTCAGTGGTGAAGGAAAAGTTACGTCATTATTTGATATATTTTTGAAATTTTTCGGGGGGGTTGATTTTTTATCTAGAGGTAGGGTAGGAG
TATCTTAAGGACTTAAATCCGAAACCTCTTATTAAAAATGAATGAACACTTACCAATCCACCGTTCGATCACTTTGTATTACTTTCCCAACCAACCCTACCAAGTCCATCTTGAATATGACTTGATGAAAAACATGAAATCAAAAAAAATAAATAAAAAAAATTA,GTTAAAAACTTAAATAACTAAATTGGTGAGGGTGAAGAATGAAGGGTGTACTAAGAAAAGGTTCACCTTGGTTTAGGGGGAGGATGCACGAATGTTGGTGTAAGTTCGGGTATGTAGTTAGATTCAAATAAAGTTTGTAACAGAGGTTAGGGGGAAGAAATGAGG
CTTATCATAAAAAAATAAATAAAATCTGAATTGCCTATCCGTCTAATATTGAAAATGGATTGAATTAAAATAAATAAGTTATTAACTAATTTAAAATTAATTAAATTAAATTGAGACTAAAAAATAAATAAAAATTATATATATATATATATATATATTAATTTT,AATTCATAAAAACTTAATTTCCAAGAGGCTTTAAAAATCAAAAATTTTTAACACGGAAGAATGAAAAAAATATCAGTATAAAATAATCTAATGAAATTAATGTAGCTAGATATTAAAAACTCAAATCTAATACAAGAAATATTGTAGAATTAAGTTGATTGATCG
TAGCCGGAGTTCGAGAAAAAACTCCCTTTTTCAGCTGATTCAGTTATTGGGTTTGGAAGGGATTGTGTGTTAGTTGCCGGAGTTCGAGAAAAAACTCCCTTTTTCAGCTGATTCAGTTATTGGTTTTGCCGGGGATTGCGTGTTAGTTGCCGGAGTTTGGGTGTA,GGAAGATAATAATTAAAAAAACCTCATACGAAGGTGGATGGGCGTTCTTACATGACAAAATGAGTTCAAAAGTTAGTTGGCAGGGGATTAAAAAATTTGCGTGTTGATTTAATTCAATAATTTTCATTAATGTAACTACTTTTAACAGAAAATAAAGGGGAGACA
AGCCATTACTGCAACTCTTCAGCTCTACAAAAGCTCTGAACAAACCTAAAAATGGCAGAAACCTCATACCCCCTACCCCCACCCCCACCCCACCCCCAAAGTCCTCTGGTCACATGACCCACCCCACCCTTCTCTCTCACACCTTTTAGCAGGCAAAAAAAGAAC,GAAAAACAAATTATTCAATCATTCTTGACGTATATTAATGTAGTTCCCAAAACTAGAGGAAGGGTTCGGTTGGGTTTGCTAACCAATGTTAATTAATCAGAGCTCCCAATCTGTCTTAACAACCTTCCTTATCCCATGATTATTAAACGAAAAGGAGATGAGGGA
ATAAGATTTTTTTAACTCGAAAAGTGTAAACCATAAAGATAAAATATTAGTTACAAATGGTTGATAATCAAGCCCTTCCCCTCCAACTCTTGCGTTTAACTCCACATTTTTTTTTGTGTGTGTTTGAATCCTACTTATCCATTACACATTCAATCCCATTAACAA,GGCTAGTGTATTAAAAATGAGATTGCACACGATTAATCAACAAACCTCCTCTCCCAACTCCATCCGTCCGAATTTGGTTAGGGCGAAGTGAATTTGTGGGAGTTTTTTTATTCATTCCAGCACGTCCTTATACCCCACCCTTTTGCATTAGTCTACTGGGCTAAG
ATGCTAGCTACAACTCACTTTCTACAACTACTTTACACACCTCTCTCTATATATATATAGTCAATCATTTCCCATCTCCCCTCCCTTCTCATTTCTCCTACACAAACAACTTTTTTTTCTCTCCTCCCTCGACCATCACAACTATCACCACCACCATCACCGACA,CCAGAATCCGTGAAATCTTTAAAGTTAATTAAATTAGCTGGATGACTAAATGTCTTCAAAGTTTTTAGTTGAATGGGCACTCCCATTCCACCTTCTCCCCAACCAAACGCCTATTTCCCCAATCCCTTCTTTAATATCGAATTTATCATACCAATAAGGAGGAAG
TAACACATTAACCCCCACCTTTGAAACTAGGCAGCAACACAAATACAGAAGAATCATCCTCCCTACAATTTTGATTCTTCTGTATTAGAACCAAAAAAAAAAAGTTCGTTCCAATCGAAATTTATTACTATTAAATCGAAAAAAGAAGAAGCAAAAACCCCATCA,TCCAAACATATGGATATCCCATAAGAAGTGGTTAGTAAGTAGACAGAGAAGGTTGTCGGACTGATGAGTTGATTAATTGTTTTGATGGGTGTGGAGATCCCCCCAACATGAAGGCATCATTTTGGGGTTGGAAGGAAGGGGGGGATTAAGTAATAAAATCTGGTC
CTTCAGACTCCGCTCTGTATGACTACTTTGGTGCATTGTTGTATATGGTAAAGTTACCCTTTTTTGCTTGCGTTTCTATTTTCCTCAGACTCCACTTTGTGCGACTATGTTTGTCTATTGTTGTTTATAGTTTAAAAAAAAGATTGAAGTGATGATGGGGTGTAA,TACCCAAATAGGAATTATATGTGTATTTTTTAAAGATATGTGATGATGGGCGATAGTGGATCCTTGGTGATATTTAACTTCCTAAGGGGTATTTTTTTTCAACCTTTTGGGAGGGTTTCGTAATTTTAATTAAGGAAACTTCTTGGGAATAACTAAACCGGTTTG
AAATGTTATTTTCGATAGCTCGTTAAACCCTATTTGAAAGAAACTTTCAAAGATAACACACAAAGGAAAACATATCCAAGAAATGTCATCTCACTCACATCATCCCCTTATCCCTTTCCATCTTCCTCACCACTGATACAAATTCCCTCCCCCACGCCCACCCCA,CGAGAATATTCACCGCGCAAATCCAATCATAATTTGATTACTAAATTTACACACTAATTAAATCCATAAAACTTCCTCAATCACCTAATCACCATAGGGGAACTTCCCCACATTCTTGATCCTCTGATGTTGAAATTCCCCTTCAACTAACAATTAAGTGAGCAA
AAACAAAACATTAACATTTTCTCTTCCCTCCACATATATACAAAAACCAAAATTCCCTCCCTTCCCTCGTTTTCTCCTTTTTGCCTTTCACAGAGAAACCCTTACCCCCTACCCCCCCCTACCCCCTACCCCCTTTACCCCTACCCCACCCCCACCCCATCCCCT,TCAACCCAGTGTAAATTTGTTGTCCCGCAAAAAAAAATATAAAACAACAACGCCCAGTTCCTGATTTTTTAACTCCTTCTAAACAACCACCCTTCAACTTACTATTTCTGTGGTTGGCTCACTCCCGATACTCTTATCAAGTTGATGGGAGGCGAGGGGTGGGTA
GTGTAAAAATATTTATTTTTATTCAATTAATAAATTTTATTATATTTTCTTAATTTGTTAAATTTTTTTTCTAATAAATACCTAATAAATTATTATAAATATTTTTCTATTTTCAAAATTCTCTCTAATTTTTATATATAAAGCCAACCCACTCAGCTTAAACAC,TGATAAAAATTCTGTTTTTATTGTATTAAAAACTTCAATTATTTATATTCAAAACTTTTAAACACTTGGGAACAGGATTAAGAGTAAAATACTCAATTAGGTCTTTCGAAAATTGAGCCAATTCTCGTTAGTTACATTTGAGCACGAGGGAACGTGGGCGGAGGG
TCTCGCCTCCGCTCGTCTCTCTCCCAATATTTGGTCCTAACATACATGTATTTTAGTTCATTCACATGTATCCGAAAAGTGTTATTCCGACTCTCTCCCTATTTTAATGTAATCCGATAATAAATATATATATATTTAAATGTATTTGATATAAAATTATTAATG,TGGTTTAATTGATGTGAAAGGACATTATTTTTGATGGGGGGCATGTCTAGATTATGATTAAGAATTTATTTAGAAAAAACAAATTTTAATTTAAGAACTTATTATTTGAACAAAAATAATAAAATATTCTCAGTTTATAATACTCTAATCTCAGAATTCACCGTG
ATTTATTTTTAGAAAAATTAATTTCGAAATTAGTTATCCGTTATATCTCGACCCATTTACCCCCACATGAACCATTTATATATATAACTTTCTCCTCACTTCTTCTTCCTCACTCTCTCAACAGCTTAAAAAAAAAATCTCTGCAACTTTTACTTTTTCCGGCAA,CCGAGTGATTAAAAAAGTCTGGGTAAGATATTATCTCATGTTTAATCCTTGGTAACTGACTAATTCAATTGATAGGGTGGTTATCAAACCCCTCAATTCCTGCTTTGTCCCCACACTCAACCTCTATTAAAAAAAAATTAATCATATTCTTATTCTTTAATTATG
TTTTTATTAATAAATAGGTCTTAGTCCAAATTTATTTATTTTTCAAAAAAATAAAAAATCCCAAAATGTTATGTTTTTTTTCAACTTTCTTCCCTCTTCACCAATTCTTCTCCTTTATCTCATCCTCTCTGCTAATTATTACTTTCTGTATGTGTTCTTGATTGA,TACGTTCAACCACCGCAATAAAGTTCATAAACTAAACCTTTTACCCAACAAAATCCCATCAACCATTGTTCATCTCTTGATAAATTTGGTTTCTCAACCAGGACCTTAAATCCTTATCGAATTTCTCTGGAGTTGATGCTTTTTAGAAGAAATTTAGGTGGAAGA
ATATTAACCGCTTCCACCATTTCTCTCACGGAACATGCTCATGTAAGGACTATTGGTGATTATTGACTGGCTGACCTAGTCAGGCAAGACTATTCATGTTCCGCAGCTGCTACAAGTCAATAGTGCTCAACTGAAGTTCTAAATGCAAGTCATGACATGTCAATA,GAACAACACCTGGCGGTGCAATTTGTTCTGAAAGTCGGTGAATGGGAGTGGTCGGAAGACTATGGGATTAACTAATGTTTTCTGTAGTTGATTATGTTTTTCATAAATTCCAAGCTTGCGGTTTTTTTAATTTATATGGAGTATATAGCAATAAAGTGGGTGCAA
AAAGTTCTTTTCTTCCCTGAGACCTCTAGGTTAAGGATGACGGAGTACTTTCCACTCCACGATCATTATCGATGATAAATTTGATTTTTGATGATTTTGGGTTGATCCGAATGCATGACCCGATTTGAAACGTGACCCATCACTTCCGGCCCGAATCCGACGAAC,GTGTGGGGTTCTCACTTCAATGTAATGAATTAAGGAATTTTGTGGGAAGTTGAAGTTAATTATTTCCAGTAATTAAAGTTTTTTTTCTTGGGACGTTACGTTTTTTCACACCTTCTTACCCCTTCCTCCCGGGAATGTTCGTTTTTAAGCGAAGAGCGTCTGTAA
TGAAACATCACTAGCACGTAGAAAGAGAAAAAAAAGGATAAATATAGCCTGAACTAATGTAAATGATATGCAGATATCTTTCGTCAAACTTTAAAGACATGTCGTCTAAAAATTAGAGTATATATATATCCTTTATAATAACATAAATACACGTGTGATAATTTT,GGGAATGGTGTGACGATTTGGGGTTTTGATAAATACAATAAATTTAACGAATAAGGAATTGAAAGATTCTGATCCCTTTACTTAATCAGTTAGCAGCAGGAAAGTTTAAGAATTGTTAAGCTTTTTTAATATTTCCAATTATCTGCAGGGGGGTTGTTTTTTGGA
CATTTTTCTTTTTAAAAATATTTTTCTAAAAAACGGAGCTAAAAAAAAATACCTTTTGTGGAAATCATTTTTGTAAAACTTTGTTTTACGAGTATAAAAAAATATCAAAACCAATTCATTTTTTTAAAACAATTATTTATTAACTCAGTCTATTTTAACTCGTTC,GCGTTGATCTTTCGCATACCAACTTATCAAATCATTAATGAGGAAGGAAAAAATAGAGTTCAATACATTTTATTACGGGAGTTTCTTGGAAGTACAAATGAAACGCCAAAATAGTTTGGAATTCTAACAAACCTTCATCATTGAGTGAAGCCGAAGAGGGGGGAG
ATTGAACCCCTTATTGAAAATTCTGGCTCTGCCACTGGTGCGCACTAGGGAGTGCTTCACCCTTAAATACGAGGTCTCGGGTATGGAAAAAAATTATCAGTTTAGTCATTTGATCAATTAGTCCTCTCACATTATTTTCTCTGTTGTACAGTTCATTTGGCAAGA,GAATGGGCATTAGTCGCCACATTCATTCACGATATTCTTAGGAGCCAAAGTCAGGCCTACTGTCTCACTCAACCAATCTTTCCAATCAAATACTTGTTAACTTTTCCCCCGACCAATTAATTAATTTTGAGGGAATTTGAATCGGTAAGGAGCTCCTGTTAGCTA
TTCAATATGATTTCAAATTTAATCTACTCCAATATAAATATCGAATTCTTGTTTAAATAGTCATTCAAATTCAATTCAATTTAATATATATAAATATCGAACTCGAATCAAAAAATCGAAAAAAAGTTGGAAGTATAAAATAGAACTTTCCTCACAAAAGACCCA,AGGCAGCATTTGGGTTAATCAGTTGGTTTTGAAGTGAATGTAATAATTTTTTAACAAAGTTAGTTATTATAATGATTTATTAATACTTTAATGCTTATAGATATGTTTAATCAAAAACACCAAAGGTGTAGTTGTTTTGATTTCGGTTTTAATTATAGAAGAGGG
CACAAGATTAAGGATATTTTGGTACATTCGACAAAACATTAATCTAGAACCACAAGATTAAAAAAGTTCTTTCTTTTCTTAAAATTCGTTCCTAATCAAATTAGGTCATTCTTTTTTAAACGAAGGAAGTATAATTTTTCGACGAGGAATGTTCGACAGACACAA,TCATAATATCTTTATTTTGTATGAATTTGAAACAACTGTAAATTGATGTCGTTGGATTATGCCAAATGGCAATTCATCAAGAATGGTATTAGGGTGATAATTCGTTTTCAACATTATCTGTCCCTCCGTCGTTCAATTTTTTTGGATCAATTACCAAGCATGAAA
ATGTGTTTGGCCAATGGATTTGGCCAAATTTTAGAGAAAAAAGAAGTGTTTTTAAGTAGCAGAACTGCTTTCTAAGAGTTTTGTTTTTTGAAGTAAGTTGAGGTGTTTGGCCAAACTTCTGGTAAGCCAAAAAGTGTTTCTGAGTAGCAACATAAGCTGTTTTTT,ATGAATCATTTAATTCAACACTTCAAATTTGAGAATCAATCAAAATTCAAGGCTAATAAATGAGTGATGTGATGGGGGAGGGTCGATTAACATGCGTTGGGTGGTTCATTAAGTTATCCAAATTGCCAATAACTGTTAAGTTAAAGATAGATGGCACAATTCTTA
CCCACAAAATTCTCCCTTTTACAACTACTACCACCTATCACCACCTTTGACAAAATAATTATAAAAAATATTAACAAAAAAAATGGAGAAAACTACTAAAAAAAAATCCTTTATTATGTAAAAGTTCTTTGAGGTAAGGGAAAAAAAAAGGTTTGGAATGAGAAA,AAATAAAAAGCTTAACATTTTTAATAATTGGATGGGTCGCATATTTTTAATCAAAAAACTTAAATGAATTTTTACAACGAAATTGAGGTGAATTGTTAAGGAAAAGTTGTTTGATGATAAAAATCATGGTTTAAATAACAAAAAACCAACTATAGGGAAGTATTG
ATAAATTTTAAATAGAAGTGTAGAACTTTAATATTATCGCACTAAACCTCACATAAAAGTTAAATTTTTACGATAAAGTCAATACTTGTGAAAGTTCATTTAATGCAACTAAAATTGTAACTATGGCTATGCCATAAATACATCCTAAAATTGGCTATTTATGCA,AATAGTTTTGAAGTTCGAGTATGTGCTGTACTAGGTTAATTACTCAATTCAAAGAAATACTTGGGGGTCAGATAAATGGGGAGGATTAAAGGTGGAATTTTAGAATAAAACAATTATCAAATGATACTAAATTATAGTGTGCAACGATAACTACTACCTTTGTGT
CACTGAAAATACGTAAAATTGACTCAAGTCTCAACTACTTTTGTCTGAACTTCAAGTAAAAATGCGCGGAGACGGGAGATGTGTTCCGACCCGAATTCATACCCGACCCGGCAACACACATCGGGTAACAGTTACAGGTTGTTACAATACTTATCACATGTAGCG,CATTTTGACTATCTTTCAATATATTATTATTTGATAATAATTGATGAGGGGGGGAAAAAGAGGGAAATGGGTGTGCGCAGGTGATGAAAAGAATATCTTGATAGGGGTCTAGATCTTTATTCTGTGAAAGTTAACGATCAGTTTTTTAGGTGGGGGTGGTTGGCT
ATATTAGTCTCACGTGACTTGTCAAGTCACTAAAAATTTGAGGTTAACTCTTGAGGATATTTCTGATCTAAGATAACGGCGGAGTATTTTAGATACCAAAATATAATAAAACATATAAATAATTTATTTCCTATAGTTTACGAACAATTTTGATCATTTTCGATT,GGGGAGAATCGAAACATTTGAGAAGGGAAAAAGGAGTTAGGGTTGGCGGTTTTAAGGAAATGGGAGCTATGAAATTTCATATGGTTTAGAGTTGGTAAGACTTATAGAGTAATGCCACTAGATTGATTGTTAAAAGTGGGTCGAGGATTATGAGACCTGATAGAA
TGATTTATTGATTGATTCGACTATTGCACACTCCTACCGGATATGAAATTTTAAAAATTAAAAATAAATATTTTTTTTTTTACCAAAGAATCCTATACTCAACACAAACTCTTGTGCATGTCAGACCAAAAATAAAAATAAAAAATAATAATAATAAAGAAACAG,GGGAAAGTCATGCATTAAGTGGTAAGTTGCAAATAAGGGGGCCTGAGGGTAAGAAATCAATCATCCATTATTGGTGGAGACTGAAAACTGTATTAATGAAGTCAACCCAATTCTCCGACATTGAAGGAAAAATGAATATGTTAAAATAGGTGAACGAATAGCATG
TATTAAAATATTCTTTGATTTTATAAAATTAGATATATCATGCAATGTAAAAATTGACAAAATAAAAGAAAAATACTCATTTTAAAAATAAAATTATTATTATTTAGTTAAAAGTTTTTTAACTTAAATGAGCTATGAATTTAATATCATATATATTATCCATAA,AATGGCATTTAAAGTGGATGAAATAAGGGAAGTAAGAATGTTGTATTAAACTGAGGTGAAATTATAAAGAAAAATTTATCATTAAACGAGTAAATATATTTGAGTTAGAAGAGAGTGTTGATAAGATGCGTGCACGTGGTTTCATTCGGGGCTCTAATTAGTCGG
GCCTCTCTTCACACACTTAGCAGCAGTAGCGGTTACCTCATCTTCTCTTTCTCCCCTCTTCACAAACCCTGCAAATTCATTCATTCACAGCACAAATTTTTCATCTGATTTATATATATATATATATATATATATATACATATTTATGTATATGTATACATTGTA,GGAGTGCGTTTGAAGTCGTGGGGTTTGTTTCCGTCATAGTTTTAGAATTTGATGAATTGCTGTTCAATTGTGAAAGGTTTAAGTTTTACAATAATAAATTGTTTTGGAGTTTGTCATTGTTTCATTTTCACATCTTTTACTTTTGGAATTCAATTTTTTGGGAGA
GAACGATACTTGTGTATTATCTCTATTTAAAATAAATTTTTATTTTTACTTATCACATTTTTAATTAATCGCGAAATAACTTGTTACGTATTTGTATTGTGTCCTTATGTACTTGTATTTTTTGTTTAAATTGATTTCAAAAAAGAAAATCTATCTGTCAAAATC,GGATATTATTTCTTTAGCTGCTTTGTTTTAAATTAAATTAGGAATTGTTCTAACCCCATCCTTAGTGTTTGAGTGAATACGTTGGTTATGATTATCTTCATGGATTCACAGTTTGTGCGGGGTTGTTAATTAATAGTTAAAGAAGAACAAATATAGATATAATGA
CTAAACTTTACATTGTACAAGCAATGGTATTTACTATAAAGCTGGAGCTAGGCCTGTAACAGTGTTCTCTCTCTCCTTCAATACGTAGACCACTGTGGGTGAGTGGCCTGTTGTTGGGTTGCTTGCATTGAGGCAAGGTGCTTCAGTGTGTTAGTCTTGTTACTA,CCCAATTGCAATTATTTTAATGGGAGGACGAATGATCCCTTATTTATGGGGCAGTCCAAAAAGTGCCCTTCACTTTAATCAATTAATGTGTAAATTATGATACTTAGTCCCGTGCATAAAGGAGCGAACGTGTGATGATGATTTTGAAGAGAAAATTTGTTTCAC
ATATGCTTTAGTTTTTGGACGACAGAGATATTAATGTCTCAAAAGTATGACGAAACATATTTGCATACCATTTATTATAGTTCAAGGTATATTTATTATTTACTTATATTATAATACGATACATTATGAAACAATTCCGGTGATGATTATCCGAACACAAGTGTA,GTGAATTGCTAAATTGTAAAGTTGGGTGCGCAAATTTAATGAAGGGAGAAGTAAATATGATAGGAGATGAAATTTTTAATTAATAGTGGAATTCATTTGATTTTTGAACAAAATCAGTACGTTTTCTTTATTATGTTAATTAGGGGGGTGAATGGATTGGTGAAG
TTTCGTTATCATAAATAGGTGCTCTTTACATGTAATTGTTCGTCGATAATAACGATAATATTTTTACATGTTATCAAAAAAAAAAAAGACTATAATTTTATAAACAAATACTGTTATAAAAACTATTCAATATATATTCTTTTTAATACATAATAATAATAAATA,ACTAGTTATGACTGGAAGCTAATTGTGTGTCAATAAATGTGTTCTATTGGAACCCACACCCTTATAAACCTTTACTACACAAAAAAGTCTGGTAACCTGAACCACTAAATTAATTTGTCAAGGATTGCATGGAAATATGATGGGGTGGTGTGTGAGTTGAGGATG
TTAAATATTTTAAATATTATCAATTATTACGAAATATAATACTTTTTTATGGTATTTCCAAATATATAAATCTTAAAATCTCTCATATTTTGGATTGTATCAAAAAAATGGAACCCCATCACAACTCACCACCGTCCATCGGCTTCCACCACCACCATCACGACG,TAGCATGTGTTGAATGGAAAAAATCTCTACCAATACTCCTTTTTTTTTGAAATTATTGATAATTAACAAAAAAAATAATTCATTCCAATTTTATTCTTGTTCACAAGTCAACTTCATTCAACACAGTAAGATCACAATTTTTCATTTAATGCATTATTTAGGGAA
GTAAAAGATATTAAAGCATAATTTTTTTTATTAAATTTTCCAAAAAAGGCATATATACCAAAGCCTAATAAAATCAAGAAAACAGGGTTTTTCTCTTCCCCCTTTCATCTTCTGCTAAAACCTCTCATCTTCCTTTTCAAGAACAAACCTTTACACCCCCCCCCC,AATAACTACTTAGAATAATTGGATTGGGTTAAATAATGGATGAAGCATATGGTGAAAATAATGTACTATGAAAAGAGTAGGGGTGTTAGATGGGGTCATTGAATTGATTTGATTAAACTAAATCCCCCCCTAGTTGCCCCTCCATTCTACACGAAGGCTTTAGGA
AAGAAGAACCAACGAATTATGCAATTACTACTTTGTATATATATGTATAGCGAAATAAGCATAGCTTTCAGTTATATATATATACATTTGCTGGGGAGCGCAATTATGCAAACTTTATTATAACATGTAAATTTGTATTTTGTATTTGCTACATGTGAAAGTTGT,GGAGCCAGCAAAAGGTTATCATTGGATGAAACGGAGGAGAAGTAAGTGGATGATACGGGGGATAAGTAGCAGGTTGTTTTTCCCCTTCTTACTTAACAAAATGATTAGAAAAATATTCTAATATATGAACTTTAGACGGGTTGGTTCTTTCCACTAAAAGTTGTG
CCAAACAAACATAATATATTTAAAAAATAATTATAATTCAAATATATTGCATACATAATTTATTTTTAATACACATCACACATTTATCACAATATTGCTATAATTATCGCTAAAATCAATAATTATTTTTTGAAATGTATTAATTTATGTAATTTTTTTCAAAAT,AGGGAATCCAATTTTCTTTGTAACGAAACTGTTGAGCCAAAAATGAGTATTGTAATGATTGTTATTATTTAAATCAAAATCATTTAAGGGAACTATGAATGAATTTTATATAAAATATAAACTAAATTTTTAACTCCTCTTACTTTTTATATGTTGTGTTCTGGG
CATAAAAATAATTATTAATTTTTATATTAAGTAACGCGAAATATTTTATATATTCAGATGTTTTCGATAAATTAATAATTTGAGAGAAAAATGATTTTTATTTTTATTTTTGAGAAAATTATTTAAGAAAATATTTGTGTAAAACCCCAAATGCTACTACTACTG,CATAGCAGCCAATAGGGTTATTTACGTGAAATTATTGATTCCTTTGGTGTCACTACAACGTCTCTCCGACATTAATAATCTTTAGTTAAAATATGATCAGTTCGTTTAGTTAAGAAAGGGGGGTGGCTACACCTAATGTATCAATTACTAAGTTATTTCTGGTTG
ATTAAAAAAAAGTGACATCCAAGGAAGGTTTTATCCTCTTGAAGTACAATCTGGACTCATGTTAACCTCAAATTGATGATTTCAATATTTTAGGAACTTTGTGGAAAAAAAAATAAAAAAAAATAAAAAATATATATATATATACTTAAAATAAAACAGGCAGTA,TAGGTCAATTACTTTTTATTAATCGAACATTTTTATCATGCGAAGATGTATGGACGGATAAATGAGGCTAGAAATGAGCCGAAAAGTTTTTTCCTCCTCTTTGGATCAAAAGATTAAAAAATAGATCAAAATCTGTTTCTTTCTTGAGAGTGAGGACCTTTCGAC
GATAATTAATTTGTTGAGATAAACATAAGCTTATTTACACACCACTAAAATTAAAATGACAACTAACTAATTAAAATTCATTTCTAGAAGTTGTAAAATATTTTTAAAAAAATTATTTTTATGTGAAAAAAAAAGTTTTTTTTTTTCAAAAGTAGAGATTAGAAA,GATGGGGACTTCTATCAAGCAGTAATAGGTAGTTAACTAATTCTGTAAGCAAAAGTACTAAATGAGTAAAGGATGTTTGAGGTGAATGAATTAAAAAACTTTCGCCAAGAAATTTGTTTTATTTCACGTACAAACAATTTTATCTTTAAAATTGGTGCGTTCAGA
CTAAAGATAATTATAATCTAAACTAATACATAAAATTGCTCTTTAATTTGATTTCAATACGAATCAACATTTTCAACTTCGAATGCGTATAAATAAATATCAAAATTTATATAAAATGAAAGAAACAAATACATATATTTAACGTAACATCTAACATGACAATTG,TAAAATGATTATATGCAGCAATAACTGGTCCCACAATCAAATAACATTCACGTAAAAATTTTAGGCAAATTATAGGGTGCAATATCGATCAAATAGATAAAAAAATTTAAAGGAAGTACATAAAGATAAGGGGCAAAGCTTTTTTGTGAGTGACATTAATTGGGG
AAAATGCCAAATTTTTTCGTGGACGTCCGTCAAGACCTTTTCTATGCGTATATCCGTTAATATAAAAAAAAATTATGCTCTAATTTTTGCAAGAAAAAGACATCAATATCTCAAAAATATAACGAAAGGTAATTCGAAGTTATATTTGTTATTTCTCTCTTTTAT,AGGAGGTAAAAATATGGAAATGTTTTTACAAAAAAAATTATAAAATGTATTGGGGGGAGGTTTTAAAGGAGCGGGCGGGAGGAGTTTGTGTGAGGTAGTATCGAGGGATGAGCTTATTAAAAATGTTAAGGAAAAAAGATTATTTAGATAGTTTTCAACTTATTG
