ID,Sequence
Natural_1,AAATTGTAACAAATAATACAAAATATTTGTGAATACTAATGATTTCCAAATGGGATACCTTTTTGTTGTAAATAAGTGGAAAGGCAAAGTAGATAAATTCGCCTTTCCTAAGTATCCTTTTGGTCACAATTTCCAAGAGAAAAGAACAGAAAAGAAAAGAGAGAA
Natural_2,TATTTAATTTAGATTGATAAAATTATTTATGCTCTAAATATTGGTGTTAAACTTAAATTCGGTCAAAAATTACATGTCTACAAATGCTATACATTGAAATTCAAATTCTAATACAATAACTTGAAAATATTACTATATAAAATGCTATATACCTAATTTATACTT
Natural_3,AATCCATAGGCACCACTTAATTAGCTAAAGTTGGGGAACAAATTGACATTATATTAGTTTGAGGAGGGTAATCGATTTAAAAGCAAGGATCAGCAATTCCGTATTAAGAACATACTAATGCTTTCTACAAATCAGCATATTACAGAGAAACCAATAATAGAGATA
Natural_4,ATTTTTTTTTCCTTTCCCCGATTTTCGTACACATTTCGAACGTCAAAATTTGTACTTTGCCGTCCTCATATCTCCCAGCAACATAAACACATTTTTAGTTTTATTAGAAAACCTCTCTCCTCTCTTCTCCTCTTTTCCATCTTTACGGCTTCGCTTTCTTCTGAT
Natural_5,ATTACAATTTATAGTACTTTTTCTATAGTTTTTGAATATTAAATTTTTTTTATTTAAGATATCAAATTAATTTAATCTAATTTAATTTTAAAAATTAATAAAATTGACTTTAAAAAAATGCAATCAAACCAAAAGAGTAATTAGAAATACCAAGTAAAATAACTC
Natural_6,AGAATATTTACTCTTCATTTTCTTGGTCCTCAAACTAGAAATTGAAGTAAAAATTTTTATTAATCGAGAAAAAGATACTAGATCTTTCAAATCTCATAGTTATAATACAGATTGCTTTATTAATTTATATTTACTTGAATTAAGTTTTGGTATTTTGTTTTATTA
Natural_7,TAATTAAGAACAGAAGAACTAAGAGAAAATATTTTCAAAAATGCCATTGCTGAGTCGATGAATACGTGTCTGCTTCGTTGTTATATAGTAAGAGGATATATTTTTATTGGACTTGCATTTATAATGCTAATATAATTATAGATAGTAGTGTAGTAGAAAGTAGCA
Natural_8,CTTCACTTTGACATTCAGAGCACTGTGCAGAAATCACATTGCGTAAACATCCGTTGGGACCATCGCAATGCTTTGTTTAAATTAAACAGTCGGATTCCCCTTGTTCGTACCAGTTCTGAGTTGGTTGTTCGACGCCCGAGGAAGGCCCCTGAAGGAACCGCTCCA
Natural_9,AACAGTAATTCCTCATCTCACCAATAACACGACCCCAAAAGTGGGGATGAAAAGTGTGAGAATACAAAGTTGAGTGCCAAATGTGAAAGAAAGGCAAAAGTATAGAGGGGGAAAACAATAATAAAGGAGTAGGAACAGAGCAACGACGTCGTAGAATATCTTTTG
Natural_10,CCCGTAAAGAAAAAAACCCAAATCATTAAGAATTGATAACCCGATAATAATAAAAATATTATTAAAACCGCTAAATTAATAACCCAATACTGATAAATTAATAACTTTTTTTCGATTCAAGTTATCAATTTCTATTCGATTTAGAACAATCCTAGGTAAATCATG
Natural_11,AAATTGATTTTCATAAATTAAAAAGAAATACTGTAAAAATTTTATGTATAAATGAATATTTAATGTAATTTTCCTTTTTTCAATTAAAAGTCCTTGAGCCCTATTCGCAAGAGAGTTGCAGACAATTTATATTCTTGCTGCTGATTCTGCTCTCAAAGGCATCAA
Natural_12,GTAAATATACAAATTATAACTAAAGTGACTTTACAAGTGTGTTGGGCTTTCCTCGTTTAGCTTCTAGATCACGGCCCAAATATGGGGGTTTAACCACCAAGTACAGCAAAAGGAAGGGTTCTGCATTTTCTTCCAGAAACCATTTTCTTGCTTGTTCAATCAAAA
Natural_13,GCTTTTATTTGAAATTGTATTGATATTGTGCATCGTTTAATTGAGCTGTGGAAACAACCTATAGCAGAAATGTTATAGCGGGAGTTTAGTGCATCAGTATGATCTTTTTTTTAGAAAAATTGTTATTGTGCTCTATTATGTTCGAATTGGTCTATTTTCAGATTT
Natural_14,CGAGCGGGCAGTGTGTACGTGGAGGAAGACAAGCCATGTAAACGAAAGATGAAAATTCGTTGATTCAAATTCAAATTCAAATTTATATTTGCAATCTGTAGACACCTATATTTTCATTTCACTTTTTCTCTCTCTTACATTTGGTTTGATTTTTGCTGATCCAAA
Natural_15,CAAATTTTGATTTTGCAGTGTCTGTAACTTCAATTCTCATCATGTTTATTGTCAAGGTAGACACGTTTTTTTCATTTCACTTTTTCTCTCTCTTACATTTGGTTTGATTTTTGCTGATCCAAATGCAGACATTGAGAGCTTCGGTATTTGGGCTTTATGGATATA
Natural_16,GGACTGCTCGAGCTGCTCCCGCGGCGAGAGCGTGTCGCCGCGTGCCGGACGAGGGAAGGACATGGAGCGGTTCCTTCAGGGGCCTTCCTCGGGCGTCGAACAACCAACTCAGAAATAGTACGGACAAGGGGAATCCAACTGTTTAATTTAAAAAAAGCATTGCGA
Natural_17,CTGGTATTATTTGTCATGATTTTCATTTTTAAAATCAAACTATAAAAACTTTTACTAACTTTTAATATGCAAAAGATTGTAATTTATAGTACTTTACTATAGTTTTAAAATATTGAATTTTTTTTATTTAAAATATAATATCGAATTAATACGATGTAATTTAAG
Natural_18,TGGCCAATTGTGTGAATCAACGGTTCCTCTCGTACTAGATTGAATTACTATTGCGACACTATCATTAGTAAGGTAAAACTCACATGTCTCACGACGGTCTAAACCCAACTCACGTTCCCTATTGGTGAGTGAACAATCCAACACTTGGTGAATTCTGCTTCACAA
Natural_19,CTATTTACTCGGCAATTCATCCGGTGACTTCACGGTCGCCAAAGAAGCCCCAAGAAGCATCAAACATTTCCGATGAGATCCATGGAGCAATTCTTAGATAGCAAGCACTAGCTCCCGGTGCGACTTCATAAAAAGCAATCAAAGAGAAGATCGAAGAGAATGAAA
Natural_20,TTGCTCAGTGTGCCCCCCTTTCTTCGAGTGCCCCGCCCGGTTCACTGGGCTGTTGGCTTACCAAGCACTTGCCCGCTGCTCCCGCCGCCCGCTTGGCGGGCGGAGCGCTCGTTATCCTGACTTTTCTCTCTGCTGGGGCCCTCCCATTGCTATAGCCATAAGCTA
VAE_1,GCCCGCGTCGCGCCCTACGTTCTGTGCACATTCAGTACGACTGCAAGTTTAAATCGGTGGACCGCCCCCCCGAGGAAATGTCCCTGCGAGTCGAGGGAAGATGAGCAAGGTACCCAAGGCCCCAACACGCCGTTTTCCTAAAAGAACAGAAAAGAAAAGAGAGAA
VAE_2,GTCCGTTCAATTTCACGATTTTGATGACTAAGCGATGCGCCAACCAAGGTTAAGCTCAGAATAGTCGGCGACGCGAGACCAGGCATGGGATTCCCAGTGAGATCGAGTACGGCACCCTCAACATTTTCGGCCAGCCCACGCCGTTGTTATACCTAATTTATACTT
VAE_3,TTGTGTGCTCAGAAGAACCGAGGTGCTTGACCCCTTTGTCGCAATTGTCCGATACGAGGGATTAGAAAAGTGTCCCGCCTGTAATGCACGACCACGACAATGTCCGGACTTGAGTACGGATACATGTTGAATCAGCATATTACAGAGAAACCAATAATAGAGATA
VAE_4,CGGGAGGCGAATAGATTGTCTCACGTCGGACTGCAAGAGTACGGCTCGGCAAGGGGAACAAAATTGTGATGAATTATCGGCGGGTTTTGACAGCCGCTGCGAGAAGTGCCTTTCTAGCGCTCTCTTCTCCTCTTTTCCATCTTTACGGCTTCGCTTTCTTCTGAT
VAE_5,CAACACTGCCTGGTCGAACGGAAACCGCCGGGACCCAGGGTTTCCCCCAGGGAGGTGCTATAACCTAGTTCAGGTATCGTGGGTGACCCTCCTGCCGCCCTTTAGACGGAATCTTCTCCTACGGGCGTTACCCCTGCGCCTTAGAAATACCAAGTAAAATAACTC
VAE_6,GTTCCTGAAGGAAACATCAGGACGCTATGGGTCCTAGACGTAGACCTATTCTCAGCCCCGCCGAAACACGCCCACGTGATACAGGCCTTCTCTGAGGTCCCTGTTGCGGACCGTAGGGCGAGTAGTATATTTACTTGAATTAAGTTTTGGTATTTTGTTTTATTA
VAE_7,CTCACTGCCTTTTGGCCTTCCCAGTTCCGCCAGCCTTGGGCAATTGGAAACCCAGATGAAGGAGGTCACGAAGGAAAGCCCAGATGTTGGCAGCAGACGGCGACACCAATTGACCAGCAACGGCCTGGCGAGCTCATATAGATAGTAGTGTAGTAGAAAGTAGCA
VAE_8,GGATTTAAACGGCAGACCTTAGGGCATACAGGTATGAGGATTAACTGATAAAACATACCGTTGATGCTCCGACACCGAGTCCGTCTTGTAGCTCAATTGAGCTAGACCCATTCGCGTGAGTTGGTTGTTCGACGCCCGAGGAAGGCCCCTGAAGGAACCGCTCCA
VAE_9,GCGGCGGGAAAGCATGAGACATCGAGGGCTCGTTGTTTCGTACAACGATCTGCTACCATCCGACGCGCAGAATAATAAGTCCCAACGGAGTCATTCCTTAGCGGCCTTCCACGGTGCCGCCGTGTAAAGTAGGAACAGAGCAACGACGTCGTAGAATATCTTTTG
VAE_10,ATATAGCTTCCTCCTCAGACGGGTTGATCTCGCAACCGTAGTTTATGGTCAGTTGTGTGCCCCCGTGTGCTCTTTGAGGGGGTTGCTCGACACCTTCAGCGCTGTCAAAACCTAGAGAGCTGCTATTCACAGGGCGCGATTTAGAACAATCCTAGGTAAATCATG
VAE_11,CCGGCTCGCCGACACTCGGTTCGTCCTTCGACACTCTTTGCGATCCCTGCGGGTTTACGGACTCTGCCGCGATACCCCGCACCAAGTTCCCGTACTTATGAGGACTTGCGTTCCTGGTCAGACAATTTATATTCTTGCTGCTGATTCTGCTCTCAAAGGCATCAA
VAE_12,TCCTCCGCGAGTCCCTAGGGCCGGAAACGACCGATGTACAACATATTACAGGCTTCAGGCTAAAGGCGAACTCATATCGTGGGTATTAAGATTATGTTCCCAGGTATCTGTTACGCATGCAATATCGACAAAACAGAAACCATTTTCTTGCTTGTTCAATCAAAA
VAE_13,TAAGACCCGGATTGCCTACCAATACGATGCAGGTTCGATCAAAGTACAGCTTTTTCGATATGGTTTTGTTACCACAGTACTCGACAATTGAGCCTTAGGATTCACAGCAACACACCGCTCGCAGGAGCAATCGGGACATGTTCGAATTGGTCTATTTTCAGATTT
VAE_14,AAGCACCAACCCACTGGGCGATCAACTAGAGGCTTGGAAGGGTATGTCTAAGTCGAGACCAAGGCTCCCGGGTGTGGGGCTCCGGGCCCAAAGCAGGCGGTCGGGGGCGGGCGCTTGACCACTTTTTCTCTCTCTTACATTTGGTTTGATTTTTGCTGATCCAAA
VAE_15,GCCTCGCCTTCGGCATCTGCCTGCAGTAAGTGCACTCACCTTGACCATCGACACTCAACCTTGGAGCCAACCAGCCCATTGGAGATCGAAAACCTGGACGTCCCAACGACAGAGCTTGGCAAATGCAGACATTGAGAGCTTCGGTATTTGGGCTTTATGGATATA
VAE_16,CTCACCACACGCGCTGGAGAAGAAGATCCAGCGAGATAATTTATGGAACTATTCCCGCTGACGTTTAGTAGCAAGCAGTTTAATGGAGAGTCAGCAAACGACTATCCACTGAGCGCCTGTTTATACCTAATGTCCCAACTGTTTAATTTAAAAAAAGCATTGCGA
VAE_17,GGAACGACTAGCTCTTGACCGAGTGAGGGGCTCTCATGCGAGAGCGCCTGAACGTATGGACGGGGCCAAGCCCGCCGACATGGGCGGTCATAGAGCAACGTAGACATCCTATAGAGGGGACCACACACCTCTGGTCAATATCGAATTAATACGATGTAATTTAAG
VAE_18,CTCGGCTAATGTCAGCGGTGGACGATGCTGGCCGGGTACACTCTCATAGTGCATCTGCGAGCGTCACTACTCCGGTGGGAGGATAACAATTAAGGTAGAGCCTTAGTCACATGACCTGGGCACAAGTCATGAACAATCCAACACTTGGTGAATTCTGCTTCACAA
VAE_19,AGCGGGCTAGCAGGCCCACATACTATGAGCTTGAAAAAGGGGTCTGTAGGATTCTGAGCCGTGCGCAGCTGTTACGCCGAATCCACAAGTAGGAATCCGTCGGTTAGACCAGAAGGCCGAACCAGCGCACTTGCCACCATTTTTGGAAGATCGAAGAGAATGAAA
VAE_20,CACTGGGAGTCTAAATGACGGACAGTCAACTTTAAAGGACACATGCACTAGAGATTTCGTGATTAGCGGCAGTTTGCCAATTGAGACTGGCGGGATAACCTTTGTTCAAGACGGAAGCCGGGAAATAAGTGAACAATGCCCTCCCATTGCTATAGCCATAAGCTA
Random_1,ACCTATAGGCTCTGTACAAAGAGTAAGCACCAGGGACCAGGTGCCAGGAGCAATCAGGTCAAGTCCGTGAGCGGACCGCTGACTGAAGCCTACAGGTAAATGAGTTTTGGCGGGGGCATTGCAGGTATGCGGTCTGTTGACTAATGGGCAGACTCGTCGCTTTGT
Random_2,ACGTGTTGCATCATGGGTGAATCGATTCGTCGGTAAGAAAGGGATAGGTTTCTCTAGTCTATTTGTCGACCCCCTTACGCGGGTGTGCGTGAAATGCCTAGAGGTGCTCATGCACGGCCCCCGCGCTATTAGCAACTACTCGTTGAGACAGGACGACACCGTCAG
Random_3,ATAGACTAGACTCGGCAAGCCTCGTCTCGGCCGTATCGCCAGTTACGGATCAGAGAGAAGGGGAGCTCAGATGATGGTCTCAGGTAGAATGCAAACGTCCCCAACACAGCGTGGGCGTCTGCTGTATTAACGTTAACCATCCAAGTGCACAATGCCCCAGTTCTC
Random_4,GATTTAGTGCGCAGAACGAACGCAGCATCCAGTCGCGGTTAGTAAGCGCGCCCATTATACCGCATTTCCTACTGATCCCTCACCTGCGGCCTATGGGTAATAAAACTGAGCCCTCGACTTTAACCGTTACTAAAGCTTAAGCTTAGCAGCGTGTGGGCGATGGCA
Random_5,TCACGATTTAGTGCAGGACCAATGCTGTGCTGAAGCAATTATGGTCTGCCTTAAGATACAGGAACCTAGTACAAGAATAGGCTTTGAATGGTATGCCCCCTGCAACTCCTAACTAGTAATAGTCGCACGAGGGACACGCTGCAGGGGCGGGTCAGCGGTCGGACC
Random_6,CCAATTCGCGCACCATGCCGCTCAGCGCGCCCAACATCTGTATAGCTCGCAGCGTAGTGTCTCGATCACAATACACGCGGCTCTCCAGACGTAGCGTCACAACCACTTAAGCCCTGCGGGGGGGGCGACCAGAGCTCGGTGGAAAGGATCTTGCGCCAAGGCCAC
Random_7,GATGCCCTCCCACTAGTCTCGCACGTAGGGATCAAGCTCCTTTGACACCCTGGTGCCACAATGGTACCGGTGGCGGCACCGGTGTGGTTGTTCGTAGTGATTGAGGTGTGGAAGCGTCCACTAAAAGACGGGCTGGTGGGGTGAACCCCGCCCAGGTCATTCGGG
Random_8,GCGGCGAGGGGGGCTCCACGCTTCTAGATGCAGATGCGGCTAATGCGGTCCGAGGTTGCCAGAGCAGCCGGGGTTACCCTTCTCGCCCCCGTCCTTTGGGTTGGTTGCACACAATGCGCATACTTCACGGATTATCCGGATTGGGGACTATTGACTTCCCATCAC
Random_9,GCCGCGGACCGCGCTTGAACCGGTCCCCGCCACGTATACCGGGTCGTACTCAAAAGACCCCCTGATCACTCTTCAGAATTAACGGTTTCTACGGGCCTCTCCGGTGATATCCTATCCGGTATCTGTACCAGTGCACAAGAGAGAAATGGCAGCGAGAGGCGTGGG
Random_10,TCTCAGCTCTCTGAATGATCGAATCCGTAGATCAACGGGAGTACTACTGTCTTATGCTTGGTGGCGACTGTGTGCCCAGCAGCTTACAGTATGTCGACCGCGTACGGGGCGTAACCGTCAAACCTGAAATGCGTCGCGAATTTTTTGATGCGGGCGTGGAAAGTT
Random_11,GGGGGACCGTCGGTCTGGTGAGTTCCAAAACCGACCGAAGTACCGCTTGTTTGCTACAAACGTTAACCGGGCGACCGGCCGCGGACAAGACGACACCTACAACACTTAGTTTTCAAGTCCGAGATGGAAGCAGTTCATTCCCGAGGATGTGGCTCTCGCAGGCAC
Random_12,GCGGCCAGACGAGGATACGCTGCTACGACCAGGTTGTTCTCTACTTCGTGGCGGCGTGATGACTTCCACTCCGTATGCCGAACTTTCGCGGTTTGGGCGTGCACAGCGAACCTCGACAGGGTTCTCCGGAGAGCTAGAGGCGGACACCTGGCTGGCTCGCATTTG
Random_13,AGGGATGGAGGGCGAACCCTGCGTAGGACACAGGGCACCTCCGCGGGCTCTACACTTTCTTGCCGTATTGTTAGGGAGGTTACCTCTGCTAACCCTTGCGTGAACTGCGCGCTGGCAATGTTCGCGAATTAATAACCGGGGGTGGTGGTTCAAGCGGTCTCGTTC
Random_14,AAACCCGCGTGGCCCAAGACGGCCGCGATCCCCGGTCACAAGTATGGGTCACCGCTTAGTCGCCTCATTCATGGGGTATTGCCCGTAAAGAGATAGTAAAGCACGATCCAAGCTAGGGCCTTTTCAGTGTTATAGGGCGGCTGGCACTGCGAGAACCTTAACAAC
Random_15,AAAGTGACTCTACCGCGGCTTCGCGAACATCACCACAAGCCTAAACGCTCATGTATTCGTGGAAAAGACAGGACGAACGAATGAGTAACATGCGCCCATCAGACTCGTCAAGCTGTGGGTCTCGGAACACAACAGGGCCAATGACGCCGCCTCAATTGTCTAGGG
Random_16,AGTTATATGAACGATAAGCCCTGCACGTCTCGTAAGACCCGGCTGTTCCTACCGGTGGCTTTGGGCAACTTGCTTCGGTCTTGTCAATAACGTTCTCTCGCCGCTTCCTGAGTAACGGGCATTAGTCCGGTGGACAGCGTCCTCACTCTCCGTTCTTGCCCCTTA
Random_17,GCGCGATCCGCCGCTTCAGCAAGGAATCGACCTCCTGTCGCCCATATAGAACAGCCGCTCGGGGCCGAACAGGACACAAGGGTGCCTTGCCCCGGGAGTAGGATACTAGGAATGAGACTAAGTAACAGGTTGGGTGCTATAGTGCCCAGCGCGGAGAACGACATA
Random_18,CTATATACAAGGGGATTAGTCTTGGCCATCCGCCACCTGACAGAGTAGATATAGAGAGGGAGAGGTCACGGGGGGCCCATCCTGGTAGAACGACCCGCTGTACCAAGGAGCTCGGAGGTGAGCCGATCGGTGGAGAGGAAGCGACCCCCCCGTTTCCCCCTCAGG
Random_19,TCGGTACGCAGGTAATCGATTGGCGAAAGAGGTCGTCACTTTCGTGCCAGCGGTTGGCGGCGGCCCGGTCAAGAGGCGAGGCAGCCGGGAAGGCCAATTGTGTCACGATGCGAATGGATGATACCGGCCCGGGAGTATTGCCGGTTAGAGAGGACCGTTATACGG
Random_20,CGTGGCGACAACCCCGTCCGTGACCCCGGGAGTTGTACAGACAAGCAGTACGAGTTGAACTGAGAGTAGGCAAAAATCGCAGCTTACCAACGGGGCATACCGCACTATGGGGCCTCGGCATCATGAAAGGCGGGGACACAGGGTGCTTCGTTGTAGAGCACCAGT
preGAN_promoter1,CTGACCTTCTACTGGTCATTTTCGAGCGATGGCCCGCTCTAACGATGTTAGGATCGTTATGGGCGCGCGAGCTGGTTGTCATTATCGTCGTAGCTACGCCTTACTGTAGCGCGTAGTTGTATAATTAGTAACAAGTCAAGATAATAAATTTTAAATCGAACTAAA
preGAN_promoter2,GCGACCTCCCCGGTCTTCACACTCGGAGTATGCGTACCCTTTGCTCTTCTAGGGCCCTGACGCTTGTTTATCTCGCAAGATCTCTGCCGTCACCTCTCCCTCTTTTCTGGTGGAATCCGCCTACCCGGGATGATGAAGATGAAGATGAAGAAGAATTTGAAAATA
preGAN_promoter3,ATTGTACAATTTACCACTAATATAACTTTCCGTCATGTGCCTGAGCATCCGCTCACTAACATGAAGAAATTAAACCTTCCTTCGGATCCCGCCGAGCCAAGGTGAGGTCTCTTTATAATCCTCATAAATCTTCCCTAATTTACTACTTATTTTTCGATTAGTAAA
preGAN_promoter4,GCCCTCGGGCCTCTGAGGAAAGCGTGACTTTAGCGCTGCGCCAACAGTGTGGGTTCCCGTATGAGACGACGGATCATTCGTCATATCGCTCGGGCCGCCCCTGACGGGCGCGAAACTGTTTATCGAAAAAAATATTAACATTACCCTCAAAACTTATGTAGAAAT
preGAN_promoter5,CCGCTTTGGTCTTTCCGACGCTCGGGCTTTAGTTTGGTCGTATGTACCCGCAGACGGCGAACACAGGGTCGGCTCTGAGACGGACAGTAAGGGAGGACTCTTTATTCGCTGTTATCTCCCCCTTTGAGTTTCTGCTATCACACTTAACACTCAAATCAGCAAAAA
preGAN_promoter6,GCAAGTCGTTTATCACCCCCGCCGGTCAAAAGGGACGCCCAAAGCGTGACACTTGACTGGTTTGATGTTCAATCGCGGACCGCCAAGTATACCTAGGACATATCCCTCTTCAAGTGGTGTCCGGTTTTGTTGGGGTGGTTGTGGGGGGGGGGGGGGGTTTGAAGT
preGAN_promoter7,CTTGCGCTATTATGCTTAGCGAGTTCAAACCGGGGTTCTGGACCGTCTGCAGCAGTCGACGAGCGATAAAGGGATTGCCGTCCTGCATCCGGCGTCGCGTGGGGCGCAAAATAAGAAGAAAAAGAGTAAGGCTAAAGCCAAAAATAAATAAATATATTTGTATAT
preGAN_promoter8,CTGTATCGCCCGCCGAGCGCCTAAGTTTGTCCACAGATTGATGAGGCGTTTCATTTCTGTGGATCACAGCGTCGTGTGGACGGCGGGACAAAGGGGCACCAACATGATAGTTAGGTACTATATATATATATATCTTTAATTTTTTCTAATTATATTATTATTAAT
preGAN_promoter9,AGGCGGCGAGTAGTCACGCATCAGCGAGGGTTGGCGGTTGACGATACACGGACCAGGTTGGGCCCTCACCATTGGGCCATAATTCTTGGATCGAAGTCCATCCCTGTATGGGCCTGCAGAATAAAGCAGAAACATAAATAGAAATAAGATCACTATTGACTTGGA
preGAN_promoter10,GGTGCCTGTCAGCAATCAACGGGATCCCGCAAGGATGCCCAACGCCAACATTTTCCAAGCGGACTCCCTGCCACAAGAGCAGTGGAACCCAATGTCCCCGGCGAAGAAAAGGTTTCTGGTTTATTTTTTCTCTTCTAGTTTTGTTTTGGTTTGATCTGCTTCGTG
preGAN_promoter11,GTTGCACGGTGGAGGAAATTAGCACCGAATGATACTGGGCAGGCTTGTAATGGGGTCGATCTGATCCCGAAGGCAGAGGGGACTCGCCTACCTCTGCGGGTAAACAAAACTGGTCGGGGTGTCGTAGTTTTCGAAAAAGTTTATAATAGTTTAATTAGTGAGGCT
preGAN_promoter12,CAGTTTTGAGAAGCTATAAGCTTTTACCACTCGTCGGCCTGCAAGATCCTGTTCCTCCGAGTCGGCGACCGACTGCAGCCGGCGGAGCGTTAGAGACATGCTGAACCGACTTACGGGATCGCCAGCAATTAATATTTAGTATTTAATTTTTTTTTCATTCTATTA
preGAN_promoter13,GGCTCCCGGGGTGTGCCCCGCTGGTGTGAACGTTTCGAACTAACGGCGCGCCAGGGTTCTGAGATCTCGCTCGGGGATGTCGAGGCAGTCTGGAGTGGCAGTTCGAAAGGCCACATCAACACAAAATCTTGAATGATCACTTTGTTTGAAGAATAGGGCAAAAAA
preGAN_promoter14,TCCATTGTCTTTATAATCACGCCTGACGGAGTTTCGCGAACCTGTGCTAATGCACGCAGGTCATGAGTACCGATGTCCTTTGCGGCTCCACGGCCCAGAAGCTCGGCGCGCCACAGTGGCAGCTCTAAAAAGAAAATAATAAAATACATGGGTGTGAATATGGAA
preGAN_promoter15,GCGCCGACGAGTCTGACTGCTAGAGGATCGACAACGACATGGCGGGGGAGGGTCAGGAGATCGAACGCCGGGCTGCGATCAGCGCGCGCGCGGTGAATGCAGCTCGGCTCGCTCGGGTCTAAGTGATCAAAATTTTTAATTAAAATAAAGAGTATTTATCATACC
preGAN_promoter16,CGGGACAAGGTGCAGCGGTGATGACGTGTCTCGGGAAATATGAAAGCGCATCAGCCCATGTCCTGGCAACCTAGGCGCCGCGATCATAGGTCGACTGAACGGGGATAAACGCTGTCCGTGCTGAGGTAACTCAGCTATATATAAATCCCTATTTCTTCTCCATTT
preGAN_promoter17,ATAGCCGCTCACGGGCGGGGGGGACGCTAGTAACAGGGATAGTCGTCCTGGCGGAGGGGTAAGTGGGACCACCGGGGCTCGTCCCCGCGGCCGCGGCCGTTGAGGGTGGGCTCGTGGCACCAGACTGCCTAAATTTAGAAAAAAGAAGAAAAAAATGTTTGATGA
preGAN_promoter18,ATGAGTGCCTCAGATTACGTGCAGTTCGCGTCGACAGAACAGACCGACCTGCTACCAGGCCTACTGCCGTCGATCGACCCCAATGGGTACCTGGGAAAACCTACTAAAGTTCCTTTTTTATCTACAGAGCTTTATTGCAATAGTTTAAAGTTGGGGCCTCAAAAA
preGAN_promoter19,CCGATCCCCCCGCCGCTTTGAAACTGAGGCTACTACACAGCCCCTTCACGCCCCACCGGTGAGCCTAACGGCGCCGGAGCGTCGTAATTCTACTGTTGAGCATCTGACTCCCAGTCGAACTACTCCGGAATATTCCAAACCCCATTTACACTCCTAATTTCCAAA
preGAN_promoter20,GAGCGGCGCTCGCTGAAAAGGTTCTCGTGCTACTTACGACAATGAATTCTATGAGACAGCCCAACGCTTGCGAGAGACACTGGTTCTTGCTTTAATAACACGAACCAAGCACCACGCGCTGGTACGGTAGTAATAGGAAATTTTCGAAACTTAGTTCTTATACCA
WGAN_1,TGGGGTCAGTAAGGACGCGAACCTGCCAGAGAATTTGTTCTTTGACCAACCGATTTCGTATCCCCGGAAACTGGTAATCAGTCACTAAACCCTAAAATCCGGCTGCATATGGCAGGAAGAAGGGTGGGATAGCGCCCGATTGATTGAGCGTCTTACAGCCCGTCA
WGAN_2,TGTTAGCAAGTTGCCTGCCTCCGCGTGGCCAAGCCCGAGCTCCCCGGATCATGAGAGACTGGCGGGAGGCGTCCCGCCAGCGACTAAGAGGGAGATGGATCTCACGTTCTGCATGAGATATCTCTAACTATCGAGAGGAAAAACTTTCATAGTAAAATATATACA
WGAN_3,GCCAAAGACTCAGCACTCGTATTAGGCTGTCACGCTAGCTGAGAGATTGCAATCCCAGTAATGGCATTCTCGTGATGAATCCCTCCGCCGAGCCGGTGCGCTCGACACCCCTGATCCTCCGCACAGGCCTACCACTAAACATAAAGGACCATTTTTGTAATTTTG
WGAN_4,CAAGATTATTTATTGTGCTGCATGCTCATTTGTTCCAGGAACTGTTCTGTGTCGTAGTATTTCTGCTCTTGGCTGGATGCTATTTCGGCGAATGGCGGTAGAGGAAACCATGCGCTCGGTTAGCATAGACCACGACCCCCCCATCTTTTCATTTCTTTATCTATA
WGAN_5,CTGACTGAACCGTTTTGCTCGGCAGTACTGCATGCAGCCACAGACGGCCCAGGGTAGCACAGCCGTGCATGAGCTGCGTCGCTGTGACCACGCACACTGAGCGCCTACTATTAAAATAATATTTTCTCGCTTATTTACGAAATAACAAAATATTAGTTTTAAAAA
WGAN_6,CCCCCCGTCCTGATGTTACTCAATGACGTGGTGCCACCTCCTATTCATCACTTTGGTCCTTTCCATAGTCTCCAAGTGCCCTACGCCCCACCGTTCATTTATACAGACCGTGATTGTCGCATGAGCATGAACTTTTTTATCCCCTCTTTTTTGGTGAAAATTTCA
WGAN_7,TGAACGATCGGATCCCCTTGTCAGCGGCCTCTGAGAAACGTCGGTGTCGTAGAGGGCTTCTTCAGTTTGGCGGCGAGCGGCTCAAGCACTATGTGACTTCTCGTTCAGTTCACCAAATAATATTTGCCAAGAATATTTGAAAATCTATGACGAAACGCTAGCTAA
WGAN_8,AACACCGCAAAGAAAATCCATGGGCGGGCACGCGCACACCGGCGGCTAACTAGGCGAGCTAATGTGACACAGCGTTCGTAATCCCTATCCTTACTGTCCGGACCAATTTATTCTTATCTTTTCATCTTCTTTCTCCTGTTAAAGTTTTATCTACTTCTTATTCAT
WGAN_9,GGGGTCCCATTCGCCGCAGAGTTAACGAACTGGAATTATTGAGGCAGCCAGCACAACTGACGCTGAGAGTCCCAATATCCTTCGGCAGGATGGGACTTTAAGGACAGCCCAATCGGCGTACATATCTTTTTTTTCCTTATAGGACCATCTTGTGTGCTAGAAATA
WGAN_10,TTGGACCGATTGCATGGATTTGTATACTGACTTATTTGTCCTCAACACAGGCTCGTCCGACTACACCGTCAGAAGTCCTAACCGACCTAAGAGTTTCAACGTTGCTCGTACGGTTCATAGAAGGATATGAAAAAGTACTTTTTTGTTGGGAACTTTCACTCCTCT
WGAN_11,CTCCCTGCGCACACACCCAAGGGCATGCCAGGCGCCTATTCGCCATACTGCCGGCACCGGGAACCGGCGGGAATAGCCCGGAGCACACCCAGAACTTCCGCCCGCCACAACGGTGCATCAAAAAGCAGATATGGTCCGGTATTCCCTTGTTCCCTGTATTGGTTA
WGAN_12,GCTGGACCAGTCCCAATAGCTCCCCATAATGTGCAGATGATAGCACTGCACGAAAGTGTGTTACCCCGCTATCCAAAGTTTAACTATAGCATTCACAAACGCATTCGGCCGTCGGTTGCCTTATAGGAGAGATTTTTTTTCATCGAAAACGAAGAAGGCCGAGGA
WGAN_13,GATCCGGCGGGCCCGCCACTGTCGCAGTTGTTGGTACGGAGGCTTCCGTCAGGAGTGTTGTGGCACGGCTAGCTTCGGTTGTAGCCAACATAGATGAACATTAACTGCTATCTCATTCACGTTGAATCGAGATTTTTTTTCATCGAAAACGAAGAAGGCCGAGGA
WGAN_14,AACAATGCATCAGTCAATCCAACAATTTGTTAGGCTGGCAGTCAATACGCTGATTAGTACCTTAGGTGACGGGGTCAAACTATTCTTACATCCAAGCCACTACGAAAGATAGGGTCGAGTCTGATACATCAACCGTCTACTCAATATCCTTGTACGAGTCCACAA
WGAN_15,CTCCGGGTGTTTAGAGTGCTAACATGCTCCTCGCTATATATCAGCGATAATTACGGTCATGTCTATGCGTGGTGAACTTGGGCCATGAGCATCGAGGTACCCATGTTACCTGGCGAAGTCCATCCGAACCGTCCAATGAAGAATAAGAGGAGAGCAAAGCGCCAA
WGAN_16,TACGGGCACAAATCGCCCTCACCGCACATGGTAGTTTCCCAACACGTAGGTGGGATGAAGTCTTGCGAGCTGCTAGACGCGATGCGAATTGTACATTGTATACATATTTTACGGACTTGGGGTTTCAACTATATAAATACTCCACACGCAATCTACGCTTTCCCG
WGAN_17,AAAAACCCGCGATAGTCACGAGGTCTCTTGAGACAACGCGGTATGAGACGAGGTCCGCAACGTAGCGGTGGGGCAAAGGCTTAGGCGCCCCGCCGGCCACCCGGCTTCAATCGTTTGATACTTATATTAATGTTAATATTTCTTTTTATTTTTTGTGTAGAGATA
WGAN_18,CTGTGGTGCGTAGGACAATACCTGGCCGTGGCAAAGACGCGGGCTAGGATAGTGGCCCTGAATGCACTCGTGTGGATCGCAGGGACGCTGAACATGAGTAGCGAGCTAGGACGACCCACCGGTAGACCAAGACTTGAACGGATAGAATCGTACTACCGCTGTCGA
WGAN_19,CGTTCCTCGTTGGCTTACTTTTTCCTGGCCTCATTTGAGCTTCCTGCGCACATTTGTTTCGTTCGTATTAGGCATAAGTTTCCACTCTCCATGGGGCTAGGACAGGGGCGTTGTAGTCTCGTCAGTGTCAAAGCCTCTTCTTGTTTGATCAACAGGTAAAAATCA
WGAN_20,GATCATTCCACGTGACCGTGCGGGGACCCCCCAGCACAGCCCGTGCTGTACAGCGCGTGCTGCTGGACATCAAGGAGGTCGAAGTCGCGCGGTGCTCTTCCCCAGCAGGCTGTCACCGAAGTTGACCATATTATTTAATTCTCAAAAAAGAAATAATAATAATAT
