motif,num_instances,has_tfbs_logo,tfbs_logo
TACTT,1893,no,
CTATT,1264,yes,data/raw/dnabert/tfbs_assets/TFBS_CTATT.png
ATTTT,841,yes,data/raw/dnabert/tfbs_assets/TFBS_ATTTT.png
CAAAA,722,yes,data/raw/dnabert/tfbs_assets/TFBS_CAAAA.png
TTTAT,384,yes,data/raw/dnabert/tfbs_assets/TFBS_TTTAT.png
TCTTA,182,yes,data/raw/dnabert/tfbs_assets/TFBS_TCTTA.png
ACTAG,145,no,
TTAAA,120,yes,data/raw/dnabert/tfbs_assets/TFBS_TTAAA.png
GCTTT,116,no,
TCCGA,111,no,
TATGC,110,no,
GGGTG,108,no,
GAATT,106,no,
CACAT,92,yes,data/raw/dnabert/tfbs_assets/TFBS_CACAT.png
AAAGT,83,yes,data/raw/dnabert/tfbs_assets/TFBS_AAAGT.png
GACGG,65,no,
TGTAG,60,no,
TGTTT,59,no,
ATAAC,54,yes,data/raw/dnabert/tfbs_assets/TFBS_ATAAC.png
GCTGA,50,no,
