sequence_id,sequence,score_root,score_stem,score_leaf,score_fruit,preferred_tissue,target_margin
training_04699,GTACCGTCTTTTTTCAAATGGATAAAAAAGGAAAATAGAAAAGAACAAATTGAAGGGAGGAGTACTTTATTTTTTTTCGTCAACTAGGAACTACTATATATAGCCCTTCCACTAACAAAGTATAAAGCACAAAATAAAGAAGAAAAGACATAGAAAAGAGAGACA,6.585,0.172,0.305,0.551,root,6.034
training_03935,TAGTGAAATTCGGATAAATTTTTCAAAATAAAATCTTTTTTTTTTGTCATTTTCTCCTCAATGGGTTAGCAATCTAACACCAAATTTCCATGATATGTCGTGGATCATGTTCTGTAATATTCATAATAACTTTTGGTGTAGCTAATTGAAATCTATATAAAGACT,6.399,0.792,0.115,0.0,root,5.607
training_11050,AGTCAATCTTTATAGAAGCAAGTATAATGCCTTCTTATCTCAACAAAATAAAACAATAGTATACTTTGATAACACGTTATTTTCTAAACCATATTATTGGTCCACGTGTCAAGAAGACAATGACTTATTCCCTCTTCCCTTTTCCTATAAAATGCCCAAACTTTT,7.207,1.711,2.101,0.645,root,5.106
training_01884,TGTTGTGGACTTAAAATTAATAATATATAACATATTGAATGAATTTGAATTTAAACTAGAATTATTGAATTCAACCGAATCTGTAATCAACACATTGGCTCCGCCCCACACGACTCTACTCATTTGTTTGTATATATATATGTATGTACATTGTGTTTTCTTTCC,5.133,0.261,0.072,0.0,root,4.872
training_07086,GCTTATAACAATTTCTCTCCTTGTTCCTTAATTATCATCATCACTCTCCCCCCCCCCCCCCCCTCTCTCTCTCCTCTTATGATCATCTCTCTAGCTCCTTGCTTAGATCCTTGTTCAATTATTCAAACAAAAACAAAAAACCCTAATCCCAAATTTTCAATTAAT,5.351,0.517,0.0,0.197,root,4.834
training_01871,TAAGAGCAAGAAACATAGAACAAATAAGTTCATTAGGAAAAAGCAACTTGTTTGTTAGATGTTATCTTCCAACAGGAAACAACAACCAAAGAGTTAAGCTAAACACTCGAGAGATCTCATCAAAATCAAACTTGTTTTGGGATGAATCTTTCTCATTGGATTGCA,4.77,0.0,0.0,0.0,root,4.77
training_02226,GTTCATATTTAAATAAAATAATCACATGTTAGTTACTAGCTTGATTAGCAAGCCCACTAGGTTCCCTATAAATTCACTATTATGCTAATAGACTTGATATGTGTGTAAGTACAAAAACACATCAAAGAAAAACAAAAGTTTCTTTGAGACAAAGCAAATAACAAA,6.15,1.457,0.056,0.109,root,4.6930000000000005
training_00147,CACATCCTTAAGGTTGTAATAATTGATGCAAGTACAAAATATTATAATCGGAGGGAGTAAAAATAGAATAAGTCAATTAGTGTGATGAGAGTTTTGAGGGCTTATATAAGGACAAGTGTGTGTGGACTTAAAAACCAAAACAAGAAGTACTAAAACTAACCAATA,4.709,0.0,0.0,0.02,root,4.689
training_01448,CCATTGCCAATGTACTATTTTTGTTTGTAGTATTATTCAAAATGAAAAAAGTTCCACATTGATAGATAATGAGATTGATGGAATCCTTGTAAGACTTAGATGATACTCTTCCCTTTAAATTAGCTTTTGAAGGGTGAGTTAAGCGTAAAATCTAATTTTACAATT,5.152,0.168,0.053,0.508,root,4.644
training_01164,TTGTTTTTAATGAACTACTACTCTTAACAAATCTTTGTTTTATGCTAAAGGAATATGTTATAAAACTATAATGGGATGTTTAATATGTTTATGAAAATTAAACCATCTAAGTAATACCCTCTTTGTACCAAATTTTGTAAAACTTTCTAAAGCTGAATTTAGCAA,4.594,0.0,0.0,0.0,root,4.594
training_00060,AAATTGTAACAAATAATACAAAATATTTGTGAATACTAATGATTTCCAAATGGGATACCTTTTTGTTGTAAATAAGTGGAAAGGCAAAGTAGATAAATTCGCCTTTCCTAAGTATCCTTTTGGTCACAATTTCCAAGAGAAAAGAACAGAAAAGAAAAGAGAGAA,4.757,0.051,0.098,0.165,root,4.592
training_09405,AACTTTCCCTTACCTCAACATGTCATACAATTCTCCTAAATTCAACTTTATTTTGAATTTTATAATAATGATTTTAAATAATATATAATAACTAAAATTTATATATAATATTTTTTAATATATCTTAATAATTTTTTTTATTAATATACCCATAAAATCTATTAA,4.785,0.234,0.275,0.474,root,4.311
training_01599,CATTTATTTTTTTAAAAGAAACTTATATATATTATTTGAATGACAAGATATTATAAAAAAATATTAACATTATATTGATGATGTAACTTATTATACTCTATAGTCTATATATATGTTGTTTGTTGGCACATAAAACCCAATGAAGTAGAAAGGAGAAACAAAGTC,4.308,0.0,0.0,0.0,root,4.308
training_03371,AATTAAATAAGACAATTTGGTGATATAAACAAAGCTTACTAACCTTGTTTGCATCCACATCCTTCTATAACGGTATTTCTGAACCAAAATATTAATTAATAAAAAACATTTTTGTTTAATTTCGCACAGTTTAAGGGTATTTTTGACAATTTTCTCGTTTGATTT,4.42,0.0,0.116,0.0,root,4.304
training_06912,CCATCGATTATATTTTAGACGAATATAAACGACGGACGTTGATTGAAATTATAAATATAATTTCAATTGTTAGTATGAAATATAACGACACTTATACATATTTTTCTATCATAATTTAAAAATTCTAAATCGTGATGACAATCATTTAATATCTACGTCTAGGAT,4.274,0.0,0.025,0.0,root,4.249
training_09772,TACAGTAGATCCAAAAACTTTATAAGTGTTAAGTTGATTTTGCAAAATCAGAATTAAAAATAAGTCTTTTCTTTAACAACATTAACATAGATGAGCCAACTTTTGAAGGATGACACAAATAAGTCTTTTGTGAAAGTTCGATGGTACATTAAAACCTTTTTCCTA,4.566,0.356,0.143,0.042,root,4.21
training_09499,TAATAGCAAGAAACATAGAACAAATAAGTCCATTAGGAAAAAACAACTTGTTTGTTAGATGTTATCTTCCAACAGGAAACAACAACCAAAGAGTTAAGCTAAACACTCAAGAGATCTCATCAAAATCAAACTTGTTTTGGGATGAATCTTTCTCATTGGATTGCA,4.422,0.252,0.0,0.0,root,4.17
training_06288,AGAGAACTTAAAGATGAGATTTCTGTCATTTTTTCAAAAAAAATATAAATCTTATAATTTTAAATTAAAAAACTGCAAATTGTCTGATGTTGTACCGTCTTTTTCAAACAGATAAAAAAGGAAAATAGAAAAGAACAAATTGAAGGGAGGAGTACTTCATATTCA,4.253,0.088,0.0,0.0,root,4.165
training_04573,AATACTCAGTACATGCTTTTGTCTTAATTAAACAATAGGTCATAATCTAATCTTATGAAAGCTTAGACATGTCAAAATTTATAATCACATATATAAAAATAAATAATTTTTTTGGATTTGATTGGTTAAATATATATATATATATATATAAACCTGATAATTAAA,6.987,2.559,2.868,1.522,root,4.119
training_03671,CCCCACTAGCTGATTGATTAATTAATTAATTAATATATAAATGGAAGTGGTGATGAGCGTGGAATCCCATACCATTACTCTTTACTCTTCCACGTGCTCTTCAGTAGTGTACATGTTAATATATATTAATAATCATAAGGGTAGGCTTGATGAACTGTAACTTAC,5.117,0.415,0.047,1.087,root,4.03
training_04203,TCTTTTTTATAAAAAGAATCTTCACACATTTTCGAAAAAAATAAAGTAAAAAGATAGCTTCTTTTTTCTTCAGTCTGGGGATAGGGGAAGTGGAAATGAGAGGGAATTACAACGCGAAGAATCGAACCCTCACCAATTAGGTGAAATTTAGAGAGCCAACCAACC,4.892,0.864,0.337,0.018,root,4.0280000000000005
training_10644,ATTAAATTACAAAAATTAAATTGTTAAAGAAGAAACCTTATTGCATTTTCTTGATTGCTAAGGAACTTCCCTAATTTTTCCTCTATAAAAGAAGTCTAGACATCAAGGGAAAACAACACATAAAAATTAGTAAAATATAACAAATAGTTAACCAAAGTTGAGAGA,4.534,0.188,0.334,0.535,root,3.9989999999999997
training_01721,ACACATTAAACTTTATTTACTTGTGTATAAGTCTAAAAATATTTTATTTTATTTTATAATCAAAACTACCTAACTATGTAGTAACACTATCCTTCAAATTGCATTACTAATAAAAAAAAAAGGAGTGTTGTTAGAGTTTGTCGATGTCTGCCTTATTCTTTTGAG,4.249,0.107,0.262,0.0,root,3.9869999999999997
training_10151,ATATTTTATTTGCAATCACCAAGTTGTCATGTTTATTTACTAATATATCTTTACAAATATAGTATATTTTTTTTTGTTTTTGTTTTACTTTGTAGCACATAGTGCCTTTTAATCAACAAATGATCAATATAATAGAATGGTGCATGCATGCATGTTTCTCTCTCA,4.56,0.574,0.34,0.293,root,3.9859999999999998
training_00534,TATTGTTATTTTTTATTTACTATATATCTCGTTATAAATGAACAGAGACTGAGAGTAAACAAATTAAATTTCTTACTTGCATAAGTTAAATCTAATATTATATTGAGCTTTATTGATTTCATTCATGAATACTCAACGGGATTCATCTTCCCACTTGTCTTATGA,3.958,0.023,0.025,0.069,root,3.8890000000000002
training_03787,CCACACCTTGCACCCTCGATAGAATAATGTACTAGTCTACTCAAAACATTACATTACATTATCACAAACTAAAATTTCAAACAAATTAGTTACTTACCAACTATATTGGTGCCCCATTTTTACCCTATAAATACCCTTCTAATTATTATTACTCCCTCATAAAAA,0.0,3.721,0.0,0.0,stem,3.721
training_08874,AATATAAACAACCGCTCAATAACTAATAAATGAGACTCTCTTTTTGTTCTATTTGATCCTACCTTGCCAAACTTACACTAGCAAGTACAAATGAAGAGATTTGACAATTTTTTGTTTTATTTGATCACCTCTTTGCTATAAATAGGTGAAGGAGGACAGACACTC,0.0,3.295,0.173,0.0,stem,3.122
training_00383,TTCCCACTTATAATAATATATGATACAGTAATCAAGGATTCTTCTAGTATAAATTGTACTCTATATTTAAAAAGAAATGATCTAATTTAATTTGCTATAAAAATTTAAAAAATAAAAATTTTATTTAGCTAATTTTAAAGTTACGTACTATATAATATTTTTTAC,1.888,4.928,0.872,0.102,stem,3.04
training_09838,AATCATTTTGTAGGTGCTTTTTGGAAAAGTCGAGTCTAACTAATCTAACAATCTTGCCAACTTAATTAATTACTAGCCCGGTACTTAATTAATGCAATGTTCAAACTTAACCCCCAAGAAGTTTATAATTATGCTATAAATAGAGGCAAAATGTTCATTAGATTC,0.0,2.974,0.208,0.126,stem,2.766
training_03284,ACACAATTGTGAAATGATGATGGAAACTTCATTATCTATAGTACCATATAATTCAGACAAAAATTAATCTTAGACACAATAATTAGATTTAGTTCTAGTCCATGGTATAAAAGGTTGCTCTCTAGACCACCAAAAAATGTGCAAAAAATATATATATATATATAG,3.058,5.81,2.757,0.304,stem,2.752
training_06801,TAGAATATATTTTAAATCGATAAATTTAAAATTCTGAATTCATCTTCGTAATATACTATTCAACCACAAACATTTTTGGTGGTAGCTACATGACATATGTAACCAAGAGAATTTCTACTTCACTTCTAAATTCTCTATAAATAGCAACTTCTTTTAAGTATTCTA,0.018,3.696,0.969,0.374,stem,2.7270000000000003
training_04803,TATAAATGGAAAGAGAGTGAGAAGAATAAGTTTATATACTTAATAACGTTTGCAAAATCACTATGCAATAGTGCAATAGAATTTGTACTTTTTTGTTGTGCTTATATCATGAAGTTCATTAGAAACTGCAAGGTGGTTTCCTCAAAATTTGTACTCATTTGTTGC,1.306,3.863,0.681,0.032,stem,2.557
training_04981,ACCCTTTCGAGCAACAGTAATATGGCAAGATATGGAAACAATCGACATTTGTTTTAAAAGGTAAAATGTATTTCTCTGATTAAATCGGGAGCCGCGTGTTCTTCTTCAATCCTTTACTACCATGCCATTGATTTTTTTTTCCTTATAATTTTCATATTTCCAATA,0.573,3.663,1.249,0.023,stem,2.4139999999999997
training_04457,TCTTTCATTTAATATTATTTAGCCATGGAACATATTCTCTACATATCATTTATATCTTGTAAGGGGTGGGGTAAGGTAAGGTAGGGGTGGAGTAATAAGTAGCACTATAAAAGGGATATTGAATAGAAAAATAATATTATCATCTAATACTTCAAATCATCATCA,0.6,2.974,0.654,0.0,stem,2.3200000000000003
training_00954,ACTGTTGACCTTTCGCTTTCAATTTCCCTAATAATTTTGATAACAGCTTGAAAATTTTCTCTTTATATATATTATGTCTTGCCTTATATATGCAGAAAACACCATAACAAGACAAGTTCCTCTCATTTATATATTTCCAAGAAAATTTCAAAAACTCTTTGCTAA,2.524,4.831,1.535,0.063,stem,2.3070000000000004
training_01183,ATTTGAAAAATAAATAATTTAATAAATTAAAAAAAGGAAAATTCTACGAAACTTCAAATAATTTCAAACACACCTAAACTCCCATTTCTTGTCCTCTATATAAAACCAAGAACACAAGTGTTTTTATACATAAAAAAAAATTCCCCTATTAAATCAACATTTTCT,1.166,3.443,0.542,0.187,stem,2.277
training_01039,ACTTCACACTAGCCCTTCTTCTCTCACCAACCAGTCACATTTGGTTAATCCAACCAAGTTATTGAACGGTATGTTGAGCACGTGCTTACCATCTAACATTACCACTCCTAATACCTCTACGTGCAAGCAGTATAAAAACAAAATACATAAACATAACTAAAATCT,0.218,2.327,0.093,0.046,stem,2.109
training_05591,ATTTTCTACCAATGCCATGTTTCAATGCTATAAATAATAGGACAAGAGGAGCATAGCTACTATATATCAACATCCCTCATCACCTAGCTAATTACAACTAGGGTTTAATTTCCAAAATTCTCACTCTTACAAAATTTTGAACCTTTTTTTTTTTTAAAAAAAAAA,0.0,2.03,0.0,0.0,stem,2.03
training_00146,GACATAAAATTTAAAACAAGTTCGTAAAAGGCACGTAAACTAAAGATATGAGCAACATGGGCAAGTACCTCTTGCGTAAGAAACAAGTTAAGAGTCCAACAACTCTTGTGGAAGTACATGTATACCAATTTTTTCTTATCTTGTCTTTGCTCACCTTCACTAACT,0.268,2.498,0.503,0.081,stem,1.995
training_09506,TATACTGAATATGTGTTCTGCTTTTGAATCGATCAGATATATCACTTTACTCGATGTATATAAATATACACGATATATCGAGACGTCGATTGATGTATTTAAAATCGAGATGAAATATATTAAGAAATTACGTAATATATTTAAAATCGAAACACGATGTATCAA,0.096,2.087,0.071,0.0,stem,1.991
training_00791,AAAGGGCAAAGCCACCCCTACCCCTAACAATAGTGCATGTATTTTTCACAAATATTTAAAATTTTAAACATGTTTCACAATTTTGGTTATATTTAACTACTAGACTTAGGTAAGTATATGTTCATTTGGCATGTATAAAAAGTTTTCTATATATACTAATCTCAC,0.0,2.544,0.598,0.0,stem,1.9460000000000002
training_04976,AAGCGAAGAAATGAATGAGAGTAGTTTTGCCGCCATACCGACCTTAGTATTCTCACACTGACTCTTTTTATATAAATTTCATAACCTTCTTAGATAAGTGTACCATTTCATTTAATGAAAATTTTCATTTTTCTCCATTTTCCACATTTCATTCAATTTTCACAA,2.094,4.245,2.343,0.543,stem,1.9020000000000001
training_06890,CACCTGGCCCAACCAACGTAACAAAAATCCTAGAAAAGGCAGGACAATGCTCGACGTTTATCCGTTTGTTGCAGACAACTCAAGAGATCAGCCAAATAACATCATTACTCAACAACTCCAACAGCATCACTATCTTTGTACCACCAGATAATGCATTTTTGAGCA,1.313,3.202,0.135,0.056,stem,1.889
training_09532,AATATTCTTTAGTAATGATTTTTTTCATATTCAAAACTCAATTAAAATATTTAATTAAGAAAATAATAATTTAACTAACTAATAGTGAATAAACTAGATAAGTTAGGTTGTTGACCGGTAAGTACGAAAGACTGCGTGCTTAGCAACTACCACTCACTTCCCCAC,1.082,2.945,0.331,0.0,stem,1.8629999999999998
training_01015,TTGCTTGAGTCAAGAAACAAGTTACAGTCCAATGACTCTTACTTGTGGAACTATATGTATACCAACTTTTTCCTTATCTTGTATTTGTTCCACTTCACCAACTTTATACACTTTATAAATTAAAGCTTTCAACTCTAAAGAATAATCATCTAAAGAAAAAAAAAT,0.348,2.107,0.321,0.142,stem,1.7590000000000003
training_04533,GCTTCAATTTTTTTAATATCAATTTAAATAGTATCACATAATTTGAAACGATGAGAGTATTATTGAACAAATAAACCTCAAAAATGGAATCATCTGCTGAATACGACCTTCTTTATAAGTCTCCTCCAACCTCCTATCCATTTCATTTTCCACAGCTTCCACTCT,0.819,2.551,0.565,0.359,stem,1.7320000000000002
training_05335,TTACCAAACAAGTGATTGTAGGTACCTATTAAAGGATCTGTTGTTTACTCTTGTACTATATACTGAAGGGAAGCTTCCTAAGACGTGAAATTTCGATTTCATAAGGAAGTTTCATATTTGTCCTGTAATTACCTTGCTTGCAGATATCAACTTCAAGCGTCATTT,0.705,2.436,0.512,0.073,stem,1.7309999999999999
training_08572,AGAAATCTCTACTAGCATGATCAGAGCTAAGCTTTAAACTGAGGCAACAACAACAACAACAACATGCCCAGTGTAATAGTCCGGAGAGGTACCCCTACCTCAGGAGGCAGAGAGGCTGTTTCCATACACCCGCCGCTCAAACATTTAATGAAAAAAAAGGTAGAG,0.252,1.953,0.129,0.203,stem,1.701
training_10191,CTTCACTTTGACATTCAGAGCACTGTGCAGAAATCACATTGCGTAAACATCCGTTGGGACCATCGCAATGCTTTGTTTAAATTAAACAGTCGGATTCCCCTTGTTCGTACCAGTTCTGAGTTGGTTGTTCGACGCCCGAGGAAGGCCCCTGAAGGAACCGCTCCA,3.359,5.018,2.775,2.576,stem,1.6589999999999998
training_03219,ATATGAATTTAATAAATATGATACATAAATTAGTAACATACAGGGATTTCCCTGATTCCTCTCAAAATCAACTGTTAGAATCCCCACATCTCTATATAAAAATATAGTTATTACAACATGATCTACTTAAAAAAAAAAGGTTCATTTTAACAAACACTCTTCCAA,0.117,1.741,0.031,0.0,stem,1.624
training_09993,TTGTCAACCATTGATTCTCAAATAAAGTGAAAAATTATTCCAAAAACAAATAAATATTTTTTTTATGACCAAATATGTCCTCAAGAACATATGAAAGCTCTCTAGTCATGAGTATAAATAACAAGGGCTAGCTAGCTCTTGTCTACTCATAAAATATCATCCATC,0.0,0.134,3.31,0.093,leaf,3.176
training_00037,AACAAACCAAAAGGGTCCCACACCACGTGTCAAGAAAAGAAGGGAAATTAGGCACCTTGTGAGTTAGCGTAAACTGACCAATGACTCCACCAACCACTAACCCTCATTTTCAACAATAAAAGAAGTACAAAATTATAAATATCCTAACTATTGAAGATAGTACCA,1.611,1.769,4.873,0.8,leaf,3.104
training_02393,AATTAAAATGAATGAATCATTAACCTGTACCAATTTAAAAGAGTTGACCAACAAGGATTGTAGTGGAGTTGTAATGTGCACGAAGTCTTCTTTGTTAGAGAGCGCATTACCCAATATAAAACTTTTCACGTGAATTCGAATTTAGTCAGATTTCAATATGAATAC,0.115,0.01,3.107,0.0,leaf,2.992
training_05542,TATATAAGAGAATTGAATATTAACGTCTATGAACAAGACATCAATACATACAAATTTTCAATTATGAATCACACACTTCAGCGAATACTAACAGTAATACATTTATGAATCTCACACACACACACATATATATATATAGCCCATGGGCTGGCCTCTGACGCTAGA,0.0,0.0,2.868,0.0,leaf,2.868
training_04852,GATCTTTCATAAACAATCTCCTTACCTCTACAAGGTAGGATCAAAACTACGTACACACCATCTTTCTTAAACCCCACTTATAGAATTACGTACACCAGATATGTTATTGTTGACGTTGTTCATAAAATTATTATCTAAATATGTGATTCTTGAAAATGAACCAGA,0.0,0.446,3.27,0.098,leaf,2.824
training_06747,TAATAATTATCTTGTAGCCCCCCATATAAACTAAAAAGGGCGTTTTGCACATGTTAATATTTTATATTGTTACATCAATTATATGGGACTCATAATTAAGTGTGCATGAAGTTCACGTAACTCTCTTTCTTTACCTATATATACCCCTTAAACTTAGTGCAATTG,0.392,0.116,3.119,0.323,leaf,2.7270000000000003
training_10916,ATTAGAGCAAAATATGTATGTGAGGTATATTGAAGGGTCAGGTCCAATTATCCTTGGATCAGACCACTTCATTTATAACTGGTCCCTCCAACTAAAGAAAAATAGACATCACCACAGTACTCTTGTATCTTTCTTTCTTTCTTTCAAAATACTCTCTCTCTCTCA,0.0,0.317,2.95,0.0,leaf,2.633
training_04561,TAATTTATGTGTGGTAGGTAGGGTTTGAATTTTTTTTTAAAATCTTTTGAGAATATCCAATCAATTATTGATGACCAAGTTGTTCGATACCAACCCATAATGTTTATAACTAAATCGACCCGACCCGTTACAAAGTCCCTATAAATTTGGATGTGTAACCAATGA,0.0,0.448,3.007,0.066,leaf,2.559
training_00899,GGTCATTCACAAATCTCCTCTAATCCCCTCTCTACCAATTATCATTTATCTATCACATGGGATTCTTGGCCCTACAAAATACTATATTTCTCTTTTTTTTACACTATATAATATAATTAATCTTTTATCATAATAATATTTAATATCATACAATATAATATAATT,0.386,1.581,4.047,0.0,leaf,2.4659999999999997
training_00367,CATTGGGTCGGCTAAAAGTATAGCAATGATAGAGACATACTCTTCCCCCTTATTCACTTCTTTGTCTAATAATTTATTATTTTTTTCCCCCACCCCCCATCCCCCTCCATGGGTGGGGTGGGGGTGGGGTGAAATAAATATATATATATATACACACAAAATTAT,1.324,0.0,4.431,2.049,leaf,2.382
training_00983,ATGCGAAATCTCTAATTATCATTTCATCACAACCTTTTACGATGGATAAGGTCTTCCTCCCCTTTTGTAGATTCTTTTTTTCCAAACTTTTTTCTTAAAACATTTGTGCTCTCTTTTAAAGCCCTATATGTCATTTCCATCTATAAATAGCAACTCAAATTCATA,0.0,0.17,2.715,0.411,leaf,2.304
training_06253,ATTCGGGGAAAATTTCGATAGTAGCGAAATCAGATTTTTCAATGAGAGGTTTAAAATTTAAAAAAATAGACACATGTAGTAGTTGAAAGGGATTCGACATCTAATATATACCTAAAAATATATTTTAATCATATACACAATAATACAATTTTCTGGCGAATGGGC,0.0,0.193,2.294,0.0,leaf,2.101
training_09162,CTTTAAATTCTAACTCCTCATTCGAACAACATGCATATGGAATCTGAATATTGTAAAGAGAAGGAAGGTATATTCTAGAGGACTATCTATCTAGTCTAGCTTTATAAATAGTCACACCCCAAAGTCTTAAAATAAACACTATTGACCTTCCTAGTCTTCTCTACT,0.31,0.363,2.463,0.03,leaf,2.1
training_01240,GAAAACAAAAAAAAACAATAATGGGATGTGGAAACCAGAGACAATAACAACCAACTACTTATGGGTCCCTGAGTTATAACTCCAAGATTTAGTAGTTAGCCTTTAAATACAAAGTTTAATACAAATTACAAAACTCTCTGTTACCCAAAAAAGAAAAAATAATCA,0.26,2.531,4.628,0.561,leaf,2.097
training_00345,TTTTCTCCTTAATTGGACGTTATGGAACGACAACTCAAATTAATTAATGGAGCTTCAATACGTATACAGAACAACTAGTTGAAAAACCCAAAACAAAATAAACACAACCAAACAGCCTCATGAAATGAGGTCTATATAAGTAAGTATATCCTATGCCCAATTTCA,0.0,0.0,2.057,0.0,leaf,2.057
training_08225,GATTGAATTTTAGTAACTCAATTCATTGATTATATTAATTTACACTACTGAACAGTGAACACGTGTAAAATTCAATTAATTCCCAATGCTGTGATGTCCACCAAACCACTAAATAAGAGTTTGTCAAGACTAAGCCAAAGAAAATAAAGAAAAAAGGCCTAAAGA,0.0,0.0,2.043,0.0,leaf,2.043
training_03837,CTCCTGATCAAGAGTTCTGCTCTTCTTAAACCTCTTCATTTAATTTTATCATTTAGCATAAACATACAAAATGATAATGCACTTTGTAGTTCTGTGTATTCTATACACCTTTTGTTTCTTTTGACAGGGTGAATGTCACTTCTGGTGAAATAGAAAATAGAACGA,0.0,0.389,2.375,0.0,leaf,1.986
training_05030,ATAGACCAGAGGTGTACGTAGTAGTTTTTTCTTCTTCTAGTTTGTTCAAATGTAATTTGTTTCTTACTAAACATACCCATTAAGAAATAAATGAATCGTGTGCGATATATATATTTGTTGTCATTTCAAAGATCATCAGTAATAAGACCTTTACAACTTTTTTTG,1.777,2.254,4.183,2.187,leaf,1.9289999999999998
training_10072,AAAAGGAAATGAAATGAAATAAAATAAAAGTGAAAAGTAGGTCCCAATAACATGTGACAGCCAAATAAGCTTCGTACAACTGACATTAATTATATCCCGCACATAATAATATTTTTCACTTAATAGCAATCACAATACTAGTACTAAGACTATTCCTCCTACTAC,1.535,1.722,3.574,0.165,leaf,1.8519999999999999
training_03742,TAATAAGGCTAAAATAGTATGTAATAATATGTAATGAATTCTTTTAACCATCTTTAATAATACATATCAAATGATTTCAAATATTATTGTTATACTTTTTAAGATAATAAATATATTTTATCAACAATACTTATAAATACATCCACAATAAGATACATAGAATCA,2.474,2.556,4.319,0.561,leaf,1.763
training_03250,TAGCCAATGAGATCATAGATATAGATATCACGAGATAAGGACTCTTCCCCTCTTTCTTAATCCCTATATATGGTGAATTAATTCCCTTGTAACTTCATCTCATCACAGCCTTCAACAATATTTAATACCATAAAATACTCAACACTTTTCTCTTAATATAAATCA,1.381,4.171,5.919,0.298,leaf,1.7479999999999993
training_09708,TCCATCATCTCTCCAAAAGCGCTGCAACCCTCTCTTCTGCATCCTTTCTCGTTCCGGTTAGAAGCAGGAGGTGGAGGACCACTAGTTAACGCCCCTTCCCTCTCCTCTCCTCTCTCCTGCGAGAAAGCAATAGTCATCTACTGGTGAAACAACAAGCAGTTCTGA,1.746,0.716,3.446,0.166,leaf,1.7000000000000002
training_04022,AAAGAAGGCTTTAAAAAATTTATGAGTAAAGTCCAGCCTTTGTTTCATATTCCTTCTCGTAGAACCATAACAAGGGATTGTTATGAAGTTTATGGTGAATTGAGAATAAATTTGAAACAATCTTTAAGAGAAATACAACCAAGAATTTGTCTCACAACAGACACA,0.023,0.52,2.204,0.103,leaf,1.6840000000000002
training_01550,ATGAGATCATAGATATAGATATCATTAGATAATTTGGACTCTTTCCCTCTTAATTACTCCCTATATATATGGTGAATTAATTCCTTGTAACTTCATCTCATTACAGCCAACTTCAACAATATCTCATACCATCAAACACTTACATTTCTCTTGATATAAACACCA,0.0,4.56,6.2,0.0,leaf,1.6400000000000006
training_10252,AAGTTAAAGAATCTATATATAAATTCTTTCAAAGTATATATTTCCTTGTGCAATTTTCAACATTTACCTTTATTCCGTTCATTAAAGCAAATTCAATTTGTAACCTTTTTAAGTTATATCTTAGCCTTAGGAATCTTTCTTTTCACAATATCTGTCTATAAATAT,1.708,1.513,3.348,0.926,leaf,1.64
training_00979,GAGGGAAATAAAATTTATGAAAACTGTTTTCTAGTAAATTAAGTGAATTTCTTACTTTGGTACGTAAATAAAAAAAATATTTGTATATAACTTAGACAAATACTATAAAAGGTGAGAATGAGAGACTATTGGCGTAGGAGTAAGATGAGATGTGTTGAAGGGTGC,0.072,0.374,0.02,6.188,fruit,5.814
training_03552,AATTTGGTCAAAATCAAATCTATAGTAATTAGTCATTCATTAATCAATGCATTGCTATATTAATACTCAAATCTTATTCACTTGGAAACTTTCCAAATTAATTAATTTTTTTACCTATATAAACCCAACACCAAAACATTAACATAACATCAAATATAAACACCA,0.0,0.194,0.0,5.903,fruit,5.709
training_02713,ATTAATTGAGAGTAGGTCCCTCAATTGAAAGGCAGCCCATTCCAGTGAGTGAACTCCAAGTATACAAACACTAGAGCATAGCAAACTAGAATTCTTTGGAACATGCTAGATGCTAATTACAATTATGATATAATAATAATAATCACATACACTAATGAAATAATG,0.433,0.259,0.0,5.878,fruit,5.445
training_07300,TTCAGAATTAAGAATTAAGTTATTTCACCTTCAATCCGTATAAAATAATATATAAATTGACTTATAACTTATATATGTGTTAATTATGTGACACTGTAATTTGCTAAACAAACGTAGTAATTTGTGTGTTGAATTTTATACATGACATAAAAATGCTATCAAACA,0.041,0.206,0.0,5.619,fruit,5.412999999999999
training_06885,AAATTTTGAAAAAAACTTTTACGAGTATTTTCAAGCGTCTATTATTATCTAGGTTAAAGTTTGACCGCATAAAATACGTCATGCCTCATATTATATAAACAAAGTATTATAGTAAGTGAAAGTGTATCAAAACACTCAACACACATAGTTTGCAAACTTCTAAAA,0.053,0.794,0.097,6.201,fruit,5.407
training_08096,AAGTCAATATAATTAGATTATTGACATTATATTTCCTGCCATATGTACTAGTATAATTGTCCATCTGTTTAGCTTACATGTCCAGGTTTGACTTGATACATCTCTTAAGAAATAATAAACAATAAAATAAATTTAACATACCATCCCTATAAATTACAAGTCATC,0.0,0.149,0.117,5.454,fruit,5.305
training_04436,CCTTTATAATATCACGATAACTAATTTGAGACGAAGAATAGTTTAGTAGTGTATAGATATACACTCAAAAAGTAGTATATTTTAGTTGGACGGTCCAATTTTTTCCTATCTATAACTATCCTCCAGCTTGTTCAACTCACTTCCATTTTCTGCAAGCTCTCCTGT,0.128,0.101,0.018,5.35,fruit,5.2219999999999995
training_04909,ATATGCATACATATTTATAAATTGTGAAACTCAGTAATTAAAACGAGCGATTAATTTGATATAAGTTCAGAACTCATAAACTTTAAATTCCGATTCAGCGTTCGATAATATCTTGAAAAAAATTCTACATGCCCAAAACAATTCACACACATAGGTACCTAAGCA,0.029,1.671,0.397,6.848,fruit,5.177
training_08996,GTTCTTTCACTGATGGACCGCACAAATGAGAAGCAAAAGCTCCAACAAACTAACCAAGCGCGTGTATCCCAGACAACGAATAGTTGTTGTGCGTGTACTCCACGCGCATCAACAGAAGCGTAAGACTAGTCCCTATAATGCATTGGCTAAATACATGAAACTTGA,0.644,0.569,0.052,5.809,fruit,5.165
training_09523,TCATTCTCACACATTACTAATTTTCTTCTTTCCCCCACATGAACTTAAACTTTTCAACAAAAGTAGGCACATCACTCACTATAAATACCACATGCATTCTTTTACTTAAATCACATCCATAACTAATAATATTACTGATTAAATATCTCATAAAAATAAGAAAAA,0.0,1.104,0.046,6.184,fruit,5.08
training_07777,GGTGATGGAGATGCTGCTAATTTTGTGCGGAAATGCCTTTTACTTTTGTTCGTTTTTTTCTTGGTTGAGCATCTGCTGAAGTTCCGTGGTCTTTTTTTTTCCATAGGTAATTCTATATACACACAAAAGGGAAGCTTAATTTGGACCTGCATTTGAACCAAGCTA,2.979,3.631,2.895,8.49,fruit,4.859
training_03182,TAAATTTGAAATATAAAATAAAAATAAAAATTGACGAGGGTGTCTAGGTGTGTGGGGCATAAAAGAATGACCTAAAAATTGAAAATTTCCAAATTTTCAAACTATTGAAATTCTCAACTTTTCAAATTCATTCATTTCCCATCAACTCTTGCTACATACCCAACA,0.052,0.163,0.309,5.092,fruit,4.7829999999999995
training_04894,TGTTATAATAAAATCCCTCCTTTGTCCCAAATTGCTATAAGTAGATACAAACACTTTCAACACCATTCTGCCTATTGTTATCTACCAATTTCCACTCTCTTTTTCCTCCATACATTATCTACATCCAATTATTTTGTGAGAATCCGTCGTGCATAGTTCGTAAAA,0.24,0.0,0.053,4.863,fruit,4.623
training_00877,ATTTAATTATTTTGAATTGTTAATTATTATGCATTGTAGTACTTTTTATATAGTTTACAAATATATAAATTTAATTTTTAAAAAGAATTAAAGATTTCATGCACAAATTTTCAATCAAAAAACATATTATTTGACTCTCGAAAACAAAAAATGTCACATAAAGTT,0.0,0.058,0.0,4.68,fruit,4.622
training_08050,TAGAATAAAAAATTATTTATAAAAAATTTGAAATAATAAAATACTTATATAAATGTGTCTCTAAAATTTTTAATATAGATTAAGAATACTCAACATTTTCCTTTTTTTCTTAAAAATGGAAAAGAAAACAAAATACTATTTTCCATCATGTGACTTTTGCCAAAC,0.298,0.372,0.358,4.793,fruit,4.421
training_09171,AGTTTCAGAAGAAGTCTCTCAACGTTTTCGGAACTTTCAAGATTCTTAAACGACCCCCTTTTTCTCTATATAAATTGCACCAATCAAACCCCCAAACTCAATCATAGAAAATCATCAATCAAACACTAGAGAAGAAGAAGATCATCAATACTACAGTGTATAGTA,1.721,2.044,0.432,6.107,fruit,4.063000000000001
training_01027,CCGTTAGACACGTGTCATTTAACTAGCTTAGAAGAACATGGGAATAATCTGTACCCCGCCGTATCAGATAATGTCTCCGCTAGAAATACATGTTAACCAACGTTGGCGCGCGAAACATCTCGAAAGACGTAGAACTTGTTAAACTTTTTCATATAAATATGAAAA,0.164,0.269,0.124,4.276,fruit,4.007
training_00424,GGAATATCTAGAAATGTCTCTGTGGATAGTAGAAGTATGGAGAAACTGCTAAACACTCCTCCAATGAAGCTATAAATAACTACCGCCTCCTCTTCAATCAACCATCAAAATCGAAAGCAAGCAAGCAAAAAAACGTAGAAAATTCTCAAAAAAGTTCACTGAAAA,1.589,2.205,1.584,6.165,fruit,3.96
training_01918,TCTAAAGAACATGTCAGCTTCTTTTTCTATATATAAACTTTCGTCTGTTATCATCAACCACAGAGAAAAAAATATACAGTCAAGAAAATTTCCACAAAGAAAAAACAAAGCAATTTATTACTGATAGAAGCAAACAAAAAATGGCGAAAACAAGAGTTAGCTTTA,0.077,0.072,0.051,4.024,fruit,3.947
training_08976,GTTTCTCCAGAAAGCTCTCATGTAGTAGAACCTTCTAGTTTTTCCAGCACCTTCTAATAATATTATAAATACCCAATTTAACCTTCCACTTTCTCCATCTTCACTGAAAAAACTTCGATCTACTAACAAAAATCAAATTCAACAAAAGCAAAAAAAAATAAAAAA,2.083,1.368,0.345,5.952,fruit,3.8689999999999998
training_01111,TCCTTGCAAATTGGGTAAATTCTACCATATTCATTCTATATATATCTTAATTTTTAATTTATCCTATCTATTTTACATCTGCCCATTAGTTCACAAGTGAGATTTTTTGAAAAAAAAAAGGAAGAAGCAAAACAAATATAGCTTTTCATACTCTAGAGATATCGA,0.0,0.062,0.0,3.816,fruit,3.754
training_02539,GAACATTCAGAGGATCCTTCTTGAACTCTCCTTCCCCTTTTGCTTCAACATCTATATAAACTCCAACTCTGCAATTCCTTTAATCAAGAAAAAGTATCATTCAAAAATCCTCTACAATACTCTCACATTCCTAAGCTCTTCACATTATCATCAAATCAAAAAAGA,0.134,0.476,0.209,4.221,fruit,3.745
training_10405,TATTTTTCTATTCTTAATCAGACGTATTGGGTTTCATATTTTAAAAAGGGACTAAACTTAGAAGAGAAGTTTGTTTGAAACTACTTTTGTCTCTTTCTTGTTCCCATTTCTCTCTTAGATTTCAAAAAGTGAACTACTTTATCTCTTTCTTTGTTCACATTTTAT,4.07,3.583,4.201,7.902,fruit,3.7010000000000005
training_06184,ATTACTATAAATTGTATCTCATCTTATTTCGCCTAATACAATACCAAAATTAATTTTGTATTTTATTCTAAAAAAAAAGAAAAAGAAAAAAGGGGTTTACGGGTAAAGTTGAATTTTTACTCAAACTAGAAAAGAAACAAAAATAAATTTAATAATTTTGATGTT,0.147,0.49,0.42,4.189,fruit,3.699
training_03280,TAATTTGAATATAGTAATTAATTTGTATGATTGACACGCATAGGGATAGCACGTGAGGCTAAAATCCATTATTTTGGGGGAATGATTTTATCGTACACCACCTACTAACCCTCCACTTGTCATGCAACGTAGATGATAATTGAGTTGCATAAACCACATTTCCCC,0.668,0.968,1.927,5.585,fruit,3.658
