scope	bundled_path_pattern	upstream_origin	license_evidence	redistribution_status	release_note
MpraVAE raw tabular data	data/raw/mpravae/*.csv	MpraVAE retained source	No standalone license file found in the local snapshot; only the upstream project README is present.	Use with caution before public redistribution	Keep for internal manuscript preparation now; confirm author permission or add a provenance notice before public GitHub release.
MpraVAE BLAST support tables	data/raw/mpravae/blast_result.txt and data/raw/mpravae/sequences_with_id.csv	MpraVAE retained source	No standalone license file found in the local snapshot; only the upstream project README is present.	Use with caution before public redistribution	Treat as project-generated intermediate research data and confirm reuse terms before public release.
MpraVAE bundled figure assets	data/raw/mpravae/blast/*.png and data/raw/mpravae/diversity/*.png	MpraVAE retained source	No standalone license file found in the local snapshot; only the upstream project README is present.	Use with caution before public redistribution	Prefer regenerated figures from scripts where possible; otherwise retain provenance and author approval records.
deepseed raw summary assets	data/raw/deepseed/*	deepseed retained source	The root LICENSE file in the local snapshot is malformed and does not contain an interpretable software license.	License status unresolved	Do not assume open redistribution rights until the upstream project license is clarified.
DNABERT raw support data	data/raw/dnabert/dev.tsv and data/raw/dnabert/atten.npy	DNABERT retained source	Apache-2.0 text is present in DNABERT retained source	Conditionally redistributable	Retain attribution to DNABERT and preserve Apache-2.0 notice when publishing derived adapters or bundled resources.
DNABERT TFBS logo assets	data/raw/dnabert/tfbs_assets/*.png	DNABERT retained source	Apache-2.0 text is present in DNABERT retained source	Conditionally redistributable	Keep attribution and note that the assets originate from DNABERT motif visualization outputs.
Processed DNABERT legacy outputs	data/processed/dnabert_legacy/*	TomatoPromoterDesigner generated from DNABERT-derived inputs	Derived from Apache-2.0 licensed DNABERT inputs plus local processing code.	Redistribute with attribution	Document the generating command and preserve upstream DNABERT attribution.
Repository-native demo outputs	data/results/demo/*	TomatoPromoterDesigner generated from example FASTA	Generated inside this repository under the repository release workflow.	Redistributable with repository	These are the safest files to cite in the software paper and examples.
Repository-native modern figures	data/results/figures_*/*	TomatoPromoterDesigner generated from repository tables	Generated inside this repository under the repository release workflow.	Redistributable with repository	Suitable for package demos, README figures, and supplementary software documentation.
Legacy figure bundle	data/results/legacy_figures_bundle/*	TomatoPromoterDesigner generated from mixed upstream sources	Mixed provenance; figure content depends on MpraVAE, deepseed, and DNABERT derived inputs.	Redistribute with provenance review	For public release, keep provenance metadata and clarify which bundled files are regenerated versus directly copied assets.
Large external artifacts	data/external/external_resources.tsv	External release assets or project-controlled archives	Mixed or resource-specific; not bundled into git.	Not bundled by default	Publish required heavyweight resources through release assets or Zenodo with checksums and redistribution notes.
